-- phpMyAdmin SQL Dump
-- version 5.2.0
-- https://www.phpmyadmin.net/
--
-- Máy chủ: 127.0.0.1
-- Thời gian đã tạo: Th8 22, 2022 lúc 03:45 PM
-- Phiên bản máy phục vụ: 10.4.24-MariaDB
-- Phiên bản PHP: 8.0.19

SET SQL_MODE = "NO_AUTO_VALUE_ON_ZERO";
START TRANSACTION;
SET time_zone = "+00:00";


/*!40101 SET @OLD_CHARACTER_SET_CLIENT=@@CHARACTER_SET_CLIENT */;
/*!40101 SET @OLD_CHARACTER_SET_RESULTS=@@CHARACTER_SET_RESULTS */;
/*!40101 SET @OLD_COLLATION_CONNECTION=@@COLLATION_CONNECTION */;
/*!40101 SET NAMES utf8mb4 */;

--
-- Cơ sở dữ liệu: `jobs_seeking`
--

-- --------------------------------------------------------

--
-- Cấu trúc bảng cho bảng `applicants`
--

CREATE TABLE `applicants` (
  `id` int(10) UNSIGNED NOT NULL,
  `cv` varchar(1000) COLLATE utf8mb4_unicode_ci DEFAULT NULL,
  `cover_letter` varchar(1000) COLLATE utf8mb4_unicode_ci DEFAULT NULL,
  `job_id` int(10) UNSIGNED DEFAULT NULL,
  `student_id` int(10) UNSIGNED DEFAULT NULL,
  `created_at` timestamp NULL DEFAULT NULL,
  `updated_at` timestamp NULL DEFAULT NULL
) ENGINE=InnoDB DEFAULT CHARSET=utf8mb4 COLLATE=utf8mb4_unicode_ci;

--
-- Đang đổ dữ liệu cho bảng `applicants`
--

INSERT INTO `applicants` (`id`, `cv`, `cover_letter`, `job_id`, `student_id`, `created_at`, `updated_at`) VALUES
(1, 'https://via.placeholder.com/640x480.png/0022dd?text=job_cv+distinctio', 'https://via.placeholder.com/640x480.png/00aa66?text=job_cover_letter+eveniet', 49, 8, '2022-08-17 21:23:10', '2022-08-17 21:23:10'),
(2, 'https://via.placeholder.com/640x480.png/0088dd?text=job_cv+neque', 'https://via.placeholder.com/640x480.png/00bbaa?text=job_cover_letter+eos', 12, 18, '2022-08-17 21:23:10', '2022-08-17 21:23:10'),
(3, 'https://via.placeholder.com/640x480.png/00cc00?text=job_cv+voluptatum', 'https://via.placeholder.com/640x480.png/0066cc?text=job_cover_letter+nemo', 11, 2, '2022-08-17 21:23:10', '2022-08-17 21:23:10'),
(4, 'https://via.placeholder.com/640x480.png/00ffee?text=job_cv+animi', 'https://via.placeholder.com/640x480.png/006677?text=job_cover_letter+nihil', 27, 36, '2022-08-17 21:23:10', '2022-08-17 21:23:10'),
(5, 'https://via.placeholder.com/640x480.png/00bb88?text=job_cv+consequatur', 'https://via.placeholder.com/640x480.png/00dd55?text=job_cover_letter+necessitatibus', 42, 18, '2022-08-17 21:23:10', '2022-08-17 21:23:10'),
(6, 'https://via.placeholder.com/640x480.png/00eecc?text=job_cv+magni', 'https://via.placeholder.com/640x480.png/00ff66?text=job_cover_letter+in', 33, 31, '2022-08-17 21:23:10', '2022-08-17 21:23:10'),
(7, 'https://via.placeholder.com/640x480.png/006699?text=job_cv+nesciunt', 'https://via.placeholder.com/640x480.png/00dd88?text=job_cover_letter+voluptatibus', 2, 36, '2022-08-17 21:23:10', '2022-08-17 21:23:10'),
(8, 'https://via.placeholder.com/640x480.png/00ccee?text=job_cv+qui', 'https://via.placeholder.com/640x480.png/0066aa?text=job_cover_letter+impedit', 43, 36, '2022-08-17 21:23:10', '2022-08-17 21:23:10'),
(9, 'https://via.placeholder.com/640x480.png/008888?text=job_cv+aliquam', 'https://via.placeholder.com/640x480.png/00ff55?text=job_cover_letter+sint', 20, 35, '2022-08-17 21:23:10', '2022-08-17 21:23:10'),
(10, 'https://via.placeholder.com/640x480.png/00ff66?text=job_cv+qui', 'https://via.placeholder.com/640x480.png/00eeee?text=job_cover_letter+nostrum', 25, 36, '2022-08-17 21:23:10', '2022-08-17 21:23:10'),
(11, 'https://via.placeholder.com/640x480.png/000044?text=job_cv+nam', 'https://via.placeholder.com/640x480.png/006677?text=job_cover_letter+est', 44, 5, '2022-08-17 21:23:10', '2022-08-17 21:23:10'),
(12, 'https://via.placeholder.com/640x480.png/00ee88?text=job_cv+enim', 'https://via.placeholder.com/640x480.png/00dd88?text=job_cover_letter+omnis', 46, 38, '2022-08-17 21:23:10', '2022-08-17 21:23:10'),
(13, 'https://via.placeholder.com/640x480.png/00ee88?text=job_cv+aut', 'https://via.placeholder.com/640x480.png/002299?text=job_cover_letter+laudantium', 23, 2, '2022-08-17 21:23:10', '2022-08-17 21:23:10'),
(14, 'https://via.placeholder.com/640x480.png/0044ff?text=job_cv+quaerat', 'https://via.placeholder.com/640x480.png/0011ff?text=job_cover_letter+dolor', 3, 31, '2022-08-17 21:23:10', '2022-08-17 21:23:10'),
(15, 'https://via.placeholder.com/640x480.png/00ff88?text=job_cv+autem', 'https://via.placeholder.com/640x480.png/001133?text=job_cover_letter+qui', 40, 36, '2022-08-17 21:23:10', '2022-08-17 21:23:10'),
(16, 'https://via.placeholder.com/640x480.png/007722?text=job_cv+quis', 'https://via.placeholder.com/640x480.png/00ee99?text=job_cover_letter+harum', 22, 2, '2022-08-17 21:23:10', '2022-08-17 21:23:10'),
(17, 'https://via.placeholder.com/640x480.png/00ddff?text=job_cv+in', 'https://via.placeholder.com/640x480.png/0088ff?text=job_cover_letter+id', 40, 36, '2022-08-17 21:23:10', '2022-08-17 21:23:10'),
(18, 'https://via.placeholder.com/640x480.png/002299?text=job_cv+impedit', 'https://via.placeholder.com/640x480.png/0022dd?text=job_cover_letter+consequatur', 11, 18, '2022-08-17 21:23:10', '2022-08-17 21:23:10'),
(19, 'https://via.placeholder.com/640x480.png/009999?text=job_cv+placeat', 'https://via.placeholder.com/640x480.png/00cc55?text=job_cover_letter+repellat', 47, 10, '2022-08-17 21:23:10', '2022-08-17 21:23:10'),
(20, 'https://via.placeholder.com/640x480.png/008855?text=job_cv+reprehenderit', 'https://via.placeholder.com/640x480.png/0000cc?text=job_cover_letter+aut', 32, 14, '2022-08-17 21:23:10', '2022-08-17 21:23:10'),
(21, 'https://via.placeholder.com/640x480.png/004422?text=job_cv+aperiam', 'https://via.placeholder.com/640x480.png/005588?text=job_cover_letter+ut', 5, 26, '2022-08-17 21:23:10', '2022-08-17 21:23:10'),
(22, 'https://via.placeholder.com/640x480.png/0088aa?text=job_cv+temporibus', 'https://via.placeholder.com/640x480.png/00ff77?text=job_cover_letter+temporibus', 46, 27, '2022-08-17 21:23:10', '2022-08-17 21:23:10'),
(23, 'https://via.placeholder.com/640x480.png/00aadd?text=job_cv+distinctio', 'https://via.placeholder.com/640x480.png/006611?text=job_cover_letter+voluptas', 28, 26, '2022-08-17 21:23:10', '2022-08-17 21:23:10'),
(24, 'https://via.placeholder.com/640x480.png/00bb55?text=job_cv+temporibus', 'https://via.placeholder.com/640x480.png/00dd44?text=job_cover_letter+deserunt', 32, 31, '2022-08-17 21:23:10', '2022-08-17 21:23:10'),
(25, 'https://via.placeholder.com/640x480.png/003388?text=job_cv+debitis', 'https://via.placeholder.com/640x480.png/00ffbb?text=job_cover_letter+odio', 18, 4, '2022-08-17 21:23:10', '2022-08-17 21:23:10'),
(26, 'https://via.placeholder.com/640x480.png/004400?text=job_cv+adipisci', 'https://via.placeholder.com/640x480.png/00aa55?text=job_cover_letter+et', 37, 27, '2022-08-17 21:23:10', '2022-08-17 21:23:10'),
(27, 'https://via.placeholder.com/640x480.png/00bbbb?text=job_cv+qui', 'https://via.placeholder.com/640x480.png/009911?text=job_cover_letter+ipsam', 30, 18, '2022-08-17 21:23:10', '2022-08-17 21:23:10'),
(28, 'https://via.placeholder.com/640x480.png/0044ee?text=job_cv+velit', 'https://via.placeholder.com/640x480.png/005522?text=job_cover_letter+ut', 9, 31, '2022-08-17 21:23:10', '2022-08-17 21:23:10'),
(29, 'https://via.placeholder.com/640x480.png/00bbff?text=job_cv+fugiat', 'https://via.placeholder.com/640x480.png/00dd44?text=job_cover_letter+modi', 25, 26, '2022-08-17 21:23:10', '2022-08-17 21:23:10'),
(30, 'https://via.placeholder.com/640x480.png/00eeff?text=job_cv+rerum', 'https://via.placeholder.com/640x480.png/003388?text=job_cover_letter+vero', 26, 35, '2022-08-17 21:23:10', '2022-08-17 21:23:10'),
(31, 'https://via.placeholder.com/640x480.png/00ee66?text=job_cv+aspernatur', 'https://via.placeholder.com/640x480.png/008833?text=job_cover_letter+aut', 7, 38, '2022-08-17 21:23:10', '2022-08-17 21:23:10'),
(32, 'https://via.placeholder.com/640x480.png/00ff00?text=job_cv+debitis', 'https://via.placeholder.com/640x480.png/00bbdd?text=job_cover_letter+quia', 38, 26, '2022-08-17 21:23:10', '2022-08-17 21:23:10'),
(33, 'https://via.placeholder.com/640x480.png/0066dd?text=job_cv+quos', 'https://via.placeholder.com/640x480.png/0000cc?text=job_cover_letter+perferendis', 35, 2, '2022-08-17 21:23:10', '2022-08-17 21:23:10'),
(34, 'https://via.placeholder.com/640x480.png/00cc44?text=job_cv+omnis', 'https://via.placeholder.com/640x480.png/0022dd?text=job_cover_letter+officia', 17, 17, '2022-08-17 21:23:10', '2022-08-17 21:23:10'),
(35, 'https://via.placeholder.com/640x480.png/00ff55?text=job_cv+voluptas', 'https://via.placeholder.com/640x480.png/005555?text=job_cover_letter+iste', 46, 8, '2022-08-17 21:23:10', '2022-08-17 21:23:10'),
(36, 'https://via.placeholder.com/640x480.png/00ccaa?text=job_cv+nemo', 'https://via.placeholder.com/640x480.png/0000bb?text=job_cover_letter+rerum', 5, 38, '2022-08-17 21:23:10', '2022-08-17 21:23:10'),
(37, 'https://via.placeholder.com/640x480.png/00aaee?text=job_cv+dolore', 'https://via.placeholder.com/640x480.png/000033?text=job_cover_letter+consequatur', 11, 8, '2022-08-17 21:23:10', '2022-08-17 21:23:10'),
(38, 'https://via.placeholder.com/640x480.png/00eeff?text=job_cv+incidunt', 'https://via.placeholder.com/640x480.png/004477?text=job_cover_letter+qui', 30, 10, '2022-08-17 21:23:10', '2022-08-17 21:23:10'),
(39, 'https://via.placeholder.com/640x480.png/00bb77?text=job_cv+fugiat', 'https://via.placeholder.com/640x480.png/0033aa?text=job_cover_letter+ipsam', 27, 31, '2022-08-17 21:23:10', '2022-08-17 21:23:10'),
(40, 'https://via.placeholder.com/640x480.png/00cc66?text=job_cv+iure', 'https://via.placeholder.com/640x480.png/00eecc?text=job_cover_letter+illum', 41, 36, '2022-08-17 21:23:10', '2022-08-17 21:23:10'),
(41, 'https://via.placeholder.com/640x480.png/0033dd?text=job_cv+ipsum', 'https://via.placeholder.com/640x480.png/007755?text=job_cover_letter+qui', 1, 5, '2022-08-17 21:23:10', '2022-08-17 21:23:10'),
(42, 'https://via.placeholder.com/640x480.png/002299?text=job_cv+nostrum', 'https://via.placeholder.com/640x480.png/0033dd?text=job_cover_letter+qui', 12, 40, '2022-08-17 21:23:10', '2022-08-17 21:23:10'),
(43, 'https://via.placeholder.com/640x480.png/00aa11?text=job_cv+expedita', 'https://via.placeholder.com/640x480.png/00ff77?text=job_cover_letter+occaecati', 44, 36, '2022-08-17 21:23:10', '2022-08-17 21:23:10'),
(44, 'https://via.placeholder.com/640x480.png/00ffdd?text=job_cv+illum', 'https://via.placeholder.com/640x480.png/008888?text=job_cover_letter+praesentium', 38, 31, '2022-08-17 21:23:10', '2022-08-17 21:23:10'),
(45, 'https://via.placeholder.com/640x480.png/00ee88?text=job_cv+qui', 'https://via.placeholder.com/640x480.png/00dd44?text=job_cover_letter+voluptas', 45, 17, '2022-08-17 21:23:10', '2022-08-17 21:23:10'),
(46, 'https://via.placeholder.com/640x480.png/00aa22?text=job_cv+vel', 'https://via.placeholder.com/640x480.png/00eeaa?text=job_cover_letter+vel', 17, 14, '2022-08-17 21:23:10', '2022-08-17 21:23:10'),
(47, 'https://via.placeholder.com/640x480.png/00cccc?text=job_cv+aliquid', 'https://via.placeholder.com/640x480.png/00ee66?text=job_cover_letter+sit', 6, 17, '2022-08-17 21:23:10', '2022-08-17 21:23:10'),
(48, 'https://via.placeholder.com/640x480.png/00dd99?text=job_cv+vel', 'https://via.placeholder.com/640x480.png/006677?text=job_cover_letter+dolorum', 7, 40, '2022-08-17 21:23:10', '2022-08-17 21:23:10'),
(49, 'https://via.placeholder.com/640x480.png/00ff00?text=job_cv+odit', 'https://via.placeholder.com/640x480.png/0099aa?text=job_cover_letter+iure', 33, 40, '2022-08-17 21:23:10', '2022-08-17 21:23:10'),
(50, 'https://via.placeholder.com/640x480.png/008811?text=job_cv+odio', 'https://via.placeholder.com/640x480.png/004422?text=job_cover_letter+voluptatum', 2, 27, '2022-08-17 21:23:10', '2022-08-17 21:23:10');

-- --------------------------------------------------------

--
-- Cấu trúc bảng cho bảng `jobdetails`
--

CREATE TABLE `jobdetails` (
  `id` int(10) UNSIGNED NOT NULL,
  `title` varchar(255) COLLATE utf8mb4_unicode_ci DEFAULT NULL,
  `description` varchar(1000) COLLATE utf8mb4_unicode_ci DEFAULT NULL,
  `required` varchar(1000) COLLATE utf8mb4_unicode_ci DEFAULT NULL,
  `technical` varchar(1000) COLLATE utf8mb4_unicode_ci DEFAULT NULL,
  `salary` double UNSIGNED DEFAULT NULL,
  `deadline` date DEFAULT NULL,
  `job_id` int(10) UNSIGNED DEFAULT NULL,
  `created_at` timestamp NULL DEFAULT NULL,
  `updated_at` timestamp NULL DEFAULT NULL
) ENGINE=InnoDB DEFAULT CHARSET=utf8mb4 COLLATE=utf8mb4_unicode_ci;

--
-- Đang đổ dữ liệu cho bảng `jobdetails`
--

INSERT INTO `jobdetails` (`id`, `title`, `description`, `required`, `technical`, `salary`, `deadline`, `job_id`, `created_at`, `updated_at`) VALUES
(1, 'Horacio Boyle', 'Esse repudiandae molestiae a aut voluptatum unde. Qui quidem nulla id quos dolorum. Laboriosam consequatur quia itaque et vel qui. Eum fuga id laborum numquam enim velit eos. Quibusdam aut reiciendis placeat consequatur. Dignissimos est dignissimos sed nemo accusantium omnis. Voluptatem cupiditate qui blanditiis qui. Repellat voluptatem dolore eius blanditiis quisquam veritatis voluptas magni. Quod repellat eius sed neque quam officia qui ut.', 'Dolorum voluptas et ducimus. Aperiam repellat magni vel incidunt. Consequatur dolor tenetur sapiente qui provident soluta quis. Corporis sequi quis ut nam id ad voluptatem quaerat. Et quia ab sed porro quia quidem dolor dolorem. Voluptatem qui quia iusto libero. Consequatur est perspiciatis velit et et. Sit dolorum sequi illum quas. Id sunt quisquam voluptates quam dolores est sed ad. Maxime dolor deleniti quam. Tempore delectus perspiciatis asperiores sunt.', 'Quas praesentium veritatis sed alias est et natus nesciunt. Saepe ut facilis veritatis nemo dolor. Ut rerum enim ut nam. Vel deleniti repellendus omnis numquam. Voluptas reprehenderit quisquam commodi dolore neque dolorum. Omnis debitis sint iste ex. Dolorum vel ut et suscipit qui est. Nam quisquam qui tempore laboriosam. Occaecati nulla libero at repellendus temporibus qui.', 8, '1988-12-12', 46, '2022-08-17 21:23:09', '2022-08-17 21:23:09'),
(2, 'Mr. Liam Homenick', 'Illum optio tempora natus est sed ducimus. Quam deserunt ipsa consequuntur est quisquam. Doloremque amet molestiae reprehenderit recusandae perferendis minima. Architecto neque autem in esse libero ut. Adipisci est possimus quia ab excepturi et aliquid voluptatibus. Quam saepe ullam recusandae tempore nobis eum mollitia. Maiores delectus dicta veritatis voluptas facere est. Totam dolorem sit quam impedit et autem quos.', 'Eaque ut suscipit delectus culpa recusandae cumque optio et. Magnam et rerum tempora et magni quia. Facere voluptas dolorum dolor velit quaerat ut. Voluptate culpa unde provident nostrum sed nostrum. Ut ut sit itaque est. Molestias magnam aliquid voluptatem eius. Rerum est rem est aperiam dolor eaque. Aspernatur quis aliquid provident aut quos.', 'Non error nobis asperiores consequatur impedit rem exercitationem cum. Tenetur aut excepturi porro ad. Qui corrupti molestiae eum eos doloremque. Expedita suscipit id et quia commodi sit omnis. Maiores aspernatur ea qui facilis itaque. Ea incidunt neque quia veritatis. Molestiae alias est dolor est voluptates. Quos id sit quo assumenda qui eius.', 9, '2018-10-03', 21, '2022-08-17 21:23:09', '2022-08-17 21:23:09'),
(3, 'Santa Rau', 'Unde excepturi et voluptas ipsa eligendi odio. Veniam et excepturi est nihil. Non dolorem harum voluptatem rerum voluptates. Et earum labore hic necessitatibus aspernatur quibusdam nulla corporis. Sint aut quo in consequuntur. Harum vel non iste tempora. Eos temporibus sed minima tenetur suscipit voluptatum suscipit numquam. Voluptatum dolores esse iure. Et cum ad dignissimos eum vel.', 'Corporis vel id dolores et. Quia qui nemo quia. Hic architecto dolorem sed nobis. Nulla aut quia dolor ullam praesentium quaerat. Et rerum similique et doloribus. Repellat autem at ipsam aliquam unde rerum. Aspernatur distinctio nulla ratione occaecati consequatur. Assumenda qui accusamus commodi sed omnis quas officia. Occaecati iure ex et. Eveniet et nemo magnam quidem qui dolore.', 'Est delectus sed non debitis. Voluptatum reiciendis accusamus quia modi molestiae labore. Facilis nam totam deserunt a voluptatem. Odit velit dolor facilis eaque suscipit. Reiciendis aliquam iste neque explicabo aliquam ullam. Ut enim libero cumque debitis reiciendis officiis. Qui nemo neque velit et et est ratione. Est occaecati hic vero rerum et ullam. Et voluptates dolores eligendi aut nam. Provident inventore ut qui reprehenderit.', 7, '1981-05-25', 13, '2022-08-17 21:23:09', '2022-08-17 21:23:09'),
(4, 'Bartholome Quitzon', 'Voluptatem suscipit quidem qui ab. Voluptas tenetur harum odit ut. Molestias at magni aspernatur consectetur expedita reiciendis aspernatur quos. Dignissimos voluptate animi id dolores perferendis quam id iste. Itaque sit commodi incidunt eius minima iste vel eos. Nihil et laudantium cumque a culpa possimus. Cum similique enim quis qui maiores incidunt aut. Est amet et expedita magni. Doloribus totam cumque fuga sit ratione saepe sed. Voluptatibus nostrum sit vel unde natus odit.', 'Ea quo reprehenderit culpa architecto excepturi ut. Magni et repudiandae odit qui molestias perspiciatis. Deleniti molestias aut deserunt iste accusamus. Ut suscipit quibusdam nihil beatae fuga sed culpa. Id rerum eligendi est quae repellat ut id. Reprehenderit doloribus aliquid temporibus tempore excepturi illo.', 'Beatae necessitatibus non soluta. Molestias quia a dolorem ipsum. Adipisci omnis similique explicabo unde in nam. Ut necessitatibus at recusandae. Ea est quasi non. Suscipit est deleniti et consequatur numquam. Totam eos dolorem error quidem. Ut saepe accusamus sint et. Error quis iusto quia est illum quia. Quis est non occaecati. Quod deserunt inventore ut quod. Quaerat molestias nihil eius vel. Voluptas harum magnam omnis. Qui esse sapiente consectetur.', 3, '1970-10-06', 10, '2022-08-17 21:23:09', '2022-08-17 21:23:09'),
(5, 'Keaton Murphy', 'Ullam qui quae ex adipisci rerum. Vel delectus sequi aut neque eligendi. Eveniet est quae ipsa animi. Nihil fuga vero a molestias in asperiores. Veniam voluptatem culpa sit sequi. Sit unde ipsam illo laboriosam accusantium. Eveniet voluptatem corporis voluptas temporibus tenetur. Enim labore repellat ut dicta. Est voluptatibus accusamus quae dignissimos ut amet veritatis. Perferendis doloremque inventore mollitia expedita deserunt. Velit quia et unde accusantium.', 'Aliquid velit quae nemo qui qui sed. Possimus ut at sunt reprehenderit commodi recusandae. Est ex ea cum earum. Consectetur iusto maxime nihil sit et. Iusto iusto sint deleniti laudantium numquam velit ad. Labore consequatur quisquam rerum iure recusandae molestias qui. Quae facere quam tempore exercitationem. Error laboriosam officia autem ipsam et. Sit doloribus ipsa at.', 'Fugiat voluptate nesciunt dolorem est et. Est iusto facere temporibus magni quia accusantium. Sit ratione rerum expedita odio voluptatem asperiores rerum esse. Quaerat laudantium id exercitationem incidunt itaque tempore. Aut inventore minus quasi rerum. Dolores sunt molestiae quos at distinctio sit. Qui dolor ea est saepe. Dolorem corporis quis odio accusamus quaerat deserunt est. Sed minus repellendus rerum quo.', 9, '2008-08-17', 4, '2022-08-17 21:23:09', '2022-08-17 21:23:09'),
(6, 'Dr. Cecil Haag II', 'Laborum qui eos voluptas ipsam harum illo. Aut aut aut voluptas ea. Ducimus unde ipsa et repellendus qui esse sed. Officia voluptas eum maiores cupiditate blanditiis. Laborum facilis sit consequatur impedit illum. Excepturi nostrum iure reiciendis fugiat similique natus at. Qui nihil officia saepe praesentium ad voluptatum. Est temporibus fugiat et et saepe non nemo at. Est mollitia libero aliquam culpa. Sit velit laborum laudantium est voluptatem libero.', 'Beatae ullam est impedit modi vel neque non eos. Vitae sint eos et enim libero laboriosam. Vero suscipit incidunt ad incidunt. Excepturi ducimus corrupti dolor necessitatibus consequatur et. Sunt est eum necessitatibus distinctio dolorem adipisci aperiam. Amet voluptas repellat occaecati. Et accusamus voluptas voluptas rerum dolorem molestiae aut. Eos dolores praesentium voluptatum dolor. Quos voluptatum voluptas id voluptate.', 'Est nesciunt ad corporis amet quis molestiae. Voluptatem cum exercitationem aperiam velit voluptas atque repellendus suscipit. Rerum neque aspernatur in voluptatum molestiae. Error deserunt molestias vel ea et vitae harum. Nobis molestiae harum debitis dolores dolorem sequi blanditiis. Maiores est rerum sunt vitae qui. Error recusandae aperiam voluptas eligendi facilis magnam et enim. Voluptatem quisquam ut voluptatibus dolorem ut. Odit et explicabo qui. Et sit qui quod quo perferendis.', 0, '1998-07-28', 27, '2022-08-17 21:23:09', '2022-08-17 21:23:09'),
(7, 'Darron Wintheiser', 'Nostrum voluptatem est et minus quibusdam pariatur. Maxime et est aliquid corporis et quaerat nam. Est sit numquam minus vero maxime. Sint ut ullam officiis ea sunt. Odit odio officia ut. In molestias sed eligendi. Vero repudiandae iusto quia a fuga. Similique culpa culpa molestiae animi corrupti. Est fuga voluptatem repudiandae enim nemo quia.', 'Ducimus reprehenderit quis doloribus ut autem. Nostrum minus nobis saepe non. Sint totam ducimus consequatur nostrum voluptas quis molestiae. Sunt ut placeat amet officia. Ipsa fugiat et ab quo modi magnam harum. Sed ut eum vel voluptas unde veniam ea esse. Aut eos aspernatur expedita. Minima qui fugiat explicabo assumenda.', 'Consequatur quasi ut dolorem et et. Perferendis velit non sapiente dignissimos optio exercitationem. Veritatis tempore aut est explicabo eveniet blanditiis minima et. Id dignissimos nobis nemo ratione possimus magni. Itaque dolor odio quia. Commodi provident minus possimus quia. Consectetur ut accusamus vel eum officia voluptas laborum.', 3, '1972-06-05', 24, '2022-08-17 21:23:09', '2022-08-17 21:23:09'),
(8, 'Zachariah Stokes', 'Veritatis perferendis placeat sunt corporis. Qui eos qui sequi modi. Est fugiat in consequatur. Debitis et veritatis aut dolores nemo. Est adipisci rerum alias quia itaque. Molestiae et fuga veritatis error consequatur vel sint. Possimus error quam aut qui. Quae aut voluptatem sunt eius aliquam veritatis. Facere non natus sunt qui natus quod veniam autem. Alias fugiat facere voluptas omnis delectus. Et dolor totam aliquam ipsum ipsam eos. Dolor qui mollitia omnis minima tempora.', 'Eaque velit deserunt laborum id sint exercitationem. Repellat itaque sed sed. Nam aut fuga inventore nam debitis quis voluptates. Nihil nam et et ipsa rem voluptas aliquam. Officia exercitationem minima et error. Laudantium dolorum illum vitae consectetur officiis eum. Corporis voluptates sit corrupti alias. Nulla facere laborum quasi. Repellendus beatae cumque ipsum ea earum molestiae. Nihil delectus suscipit quas est perferendis ut voluptas minus.', 'Aperiam eum odio laboriosam aut sequi deleniti doloremque sint. Nisi voluptas vel libero aut harum tenetur. Laudantium ad dolore veritatis. Sed impedit voluptas aut culpa suscipit consequatur eum. Quo eum ut quisquam quas consequatur. Magni dolor quia dolore placeat adipisci dignissimos rerum. Dolor autem et repudiandae eaque dolorem ipsum consequatur voluptas.', 6, '2001-07-09', 40, '2022-08-17 21:23:09', '2022-08-17 21:23:09'),
(9, 'Brady Senger', 'Quia dolores qui nobis a. Tenetur error possimus et voluptatum. Dicta molestiae et ducimus at praesentium perspiciatis maiores. Minus atque omnis culpa eum. Saepe harum officiis aliquid et rerum iste. Porro dolores perferendis nihil vitae. Cum aspernatur soluta delectus ducimus. Aperiam doloremque exercitationem dolorum eos enim non nihil odio. Occaecati voluptatem velit qui quos explicabo perspiciatis. Et facere qui voluptatem non sed. Autem animi ipsam deleniti in architecto.', 'Aspernatur facilis voluptas praesentium. Ratione animi exercitationem deleniti voluptatem sit neque ullam. Praesentium explicabo maxime rerum qui quod esse voluptatem. Mollitia laudantium architecto sunt quas nostrum. Voluptatibus ut officiis assumenda. Molestiae accusantium minus odio aut corporis. Eveniet fuga ut dolorum aliquid aut.', 'Et natus non quidem libero consequuntur nihil iure. Quae unde quod perferendis vel possimus. Aut rem id similique quis perspiciatis commodi corporis. Neque commodi labore unde aut. In omnis minima velit qui rerum. Iusto reiciendis similique dolor. Iste quia et qui non. Et dicta porro est tempora omnis similique nesciunt. Voluptatem minima est vitae et facilis ut. Dicta molestiae alias corrupti sint illum.', 5, '2020-09-26', 30, '2022-08-17 21:23:09', '2022-08-17 21:23:09'),
(10, 'Palma Pouros', 'Consequuntur quo error error aut cum nobis omnis. Cupiditate doloribus rerum neque autem nostrum. Id necessitatibus distinctio dolor rerum perspiciatis. Praesentium maxime quasi libero deserunt. Sit fuga reiciendis qui omnis ex accusamus. Vero sint vel sit voluptatem sed dolorem minima. Qui ut sit magnam consequatur quas. Magnam qui veritatis id quis. Adipisci qui hic accusantium et repellat.', 'Nihil esse laboriosam occaecati culpa sapiente est. Dolores doloremque voluptate dolor qui. Dolor mollitia quos exercitationem reiciendis totam eveniet. Enim qui quis est saepe. Facere doloribus suscipit consequatur corrupti ducimus. Autem sint veniam sed sit tempora. Sunt earum alias quam.', 'Ipsum sed quibusdam natus eaque nihil ut voluptatem animi. Quod voluptatum saepe quo. Quia id omnis magnam. Rerum tempore quidem aut minima in error. Hic est possimus non sint. Omnis voluptate dolore iure eos ullam omnis. Tempora ut est et reiciendis hic. Quae magni veritatis non quis cum libero. Sed dolor qui culpa debitis ut ut dignissimos. Explicabo non aut aspernatur ut ea blanditiis deserunt.', 1, '1998-02-19', 44, '2022-08-17 21:23:09', '2022-08-17 21:23:09'),
(11, 'Carole Stanton', 'Vero repellendus vero reprehenderit autem architecto explicabo. Provident non in nesciunt qui adipisci. Similique dicta quam omnis qui totam. Et qui et sint omnis facilis quia optio. Magni molestiae consequatur suscipit reiciendis ut quos neque. Voluptas id enim reiciendis modi maiores nesciunt vero. Velit voluptas vitae quasi eos et dolores enim.', 'Fugiat enim sint est omnis. Illo rerum nostrum voluptas et voluptates. Quae sed non ut eveniet accusantium quo et. Voluptas accusantium voluptatem rerum rem optio. Et repudiandae ex dolore a voluptate ducimus rem. Eum possimus id accusantium modi eveniet impedit sit nihil. Nisi distinctio corporis deserunt deleniti quia nihil dignissimos. Ducimus et quia ut error qui.', 'Maiores culpa rerum molestiae aut quo minus quidem. Ut totam rerum quo magni aut. Aut aut necessitatibus libero qui. Eos dolorem itaque dolores aut nostrum. Voluptas voluptatem officia blanditiis sed aliquid nulla sed. Et harum quaerat aspernatur quae laudantium et tempora. In omnis et deleniti nisi perferendis est qui maxime. Necessitatibus quos in quia molestias sit. Ex est illo aut hic enim. Est nulla repudiandae omnis. Nobis eos id perspiciatis doloribus.', 2, '1974-06-08', 3, '2022-08-17 21:23:09', '2022-08-17 21:23:09'),
(12, 'Dr. Sarai Zieme III', 'Nisi tenetur ut accusamus voluptatem repellendus aliquam asperiores. Temporibus est temporibus expedita sit aut aperiam. Doloribus aut velit repellat dolorem nobis veritatis. A ipsum laudantium id et quia aut omnis aut. Animi excepturi dolor dolores aliquam quam a. Eum quaerat pariatur libero esse et autem. Rerum qui aut consectetur iure. Quia sunt et doloribus sit. Eum et ipsum similique sed. Esse eligendi quod dignissimos et dignissimos nostrum nisi veritatis.', 'Blanditiis iste quibusdam qui magni veniam sint dolores nesciunt. Minus reprehenderit voluptate rerum qui ut. Consequuntur reiciendis quos consequatur vel quas atque. At sunt tenetur voluptatem porro dolores recusandae. Ullam sint iure iusto deserunt tempora est. Optio nam quam doloremque ab dicta. Neque iste aut eveniet ipsam delectus impedit explicabo. Deleniti debitis quia nihil accusantium temporibus.', 'Nesciunt dignissimos et vero molestiae et. Qui veritatis laborum eum est non nostrum. Dolorem voluptas consequatur aliquid iure maiores numquam. Numquam optio est laboriosam velit est. Quibusdam neque quibusdam sunt hic praesentium. Esse at quasi illum vitae. Reiciendis alias id earum reprehenderit ut quae harum. Quisquam consequatur non esse veniam porro rerum.', 8, '2020-01-05', 8, '2022-08-17 21:23:09', '2022-08-17 21:23:09'),
(13, 'Xander Marks DVM', 'Quod unde deserunt sit dignissimos excepturi natus rerum. Velit cupiditate possimus enim in ipsum soluta dolores saepe. Accusantium qui non id inventore. Repudiandae consequatur et porro quae consequatur optio maiores repellat. Cum autem rerum maiores omnis. Voluptatibus hic qui nesciunt. Numquam quia minima modi inventore. Natus aspernatur aut consequatur iure adipisci.', 'Alias necessitatibus quia voluptatem voluptatum. Et ab ut est modi quasi a odit. Quas saepe voluptatibus quisquam consectetur sint ex. Laudantium suscipit doloremque non tempora dolorum atque. Temporibus aperiam ratione minima. Aut dignissimos veritatis deserunt amet. Voluptatum odio ratione ullam ut officiis rerum. Sint consequatur quasi optio quaerat voluptas.', 'Et et reprehenderit quaerat dolor pariatur laboriosam. Corrupti ad ut voluptatum sint modi ipsam et modi. Ut similique totam ea dolor ut et. Ut magnam amet nihil aperiam quibusdam natus quia. Incidunt reiciendis voluptas suscipit qui sit. Perferendis provident officiis placeat expedita nihil autem culpa. Commodi nemo amet est. Ex esse sit asperiores rerum. Iste excepturi odit sit earum eos. Et consectetur inventore repudiandae iure ipsa sit commodi. Et rem omnis fugiat ex reprehenderit quos.', 2, '2005-10-09', 15, '2022-08-17 21:23:09', '2022-08-17 21:23:09'),
(14, 'Mr. Aaron Lang Sr.', 'Cumque iusto veniam molestiae eum. Accusantium quaerat non laborum. A consequatur ut ut suscipit sed quam. Id distinctio officiis rem quibusdam inventore rem. Sit omnis nam quisquam labore veritatis. In dolorum quae repudiandae est. Qui dicta qui id voluptates et. Ad quasi provident et aut porro. Nulla modi animi iusto neque quisquam officia quaerat ducimus. Vel veritatis quia facere ea culpa id culpa.', 'Doloremque aut reprehenderit ipsam animi laboriosam iste. Consequuntur quasi laborum sapiente quia debitis. Enim commodi dolor nihil quisquam. Earum voluptatum nam fugit sit id. Possimus quo id eaque vitae illum hic rerum. Eius corrupti enim doloribus odio atque minima est. Mollitia cupiditate ut explicabo a possimus et sunt quos. Autem omnis cupiditate voluptates provident corporis dicta. Corporis voluptas repudiandae quo aut consequatur necessitatibus.', 'Enim eos eos nemo optio qui. Vel magnam magnam iure id. Cumque tenetur qui et iure consequuntur. Fugit est quas consequuntur recusandae provident nemo illo delectus. Quod sequi nihil ab qui et modi minima voluptatem. Corporis cupiditate odio dolore occaecati incidunt voluptatem rerum. Dignissimos nam et quaerat alias. Sed et hic tempore. Qui fugit nihil id id nesciunt voluptas laudantium. Quia in impedit omnis et quasi.', 6, '1982-09-30', 50, '2022-08-17 21:23:09', '2022-08-17 21:23:09'),
(15, 'Darrion Franecki', 'Saepe voluptatibus non magnam dignissimos. Dolores sit sit et rerum rerum ullam autem. Sint sint sed perferendis ipsam. Consectetur quam quis quo voluptatem. Sint ipsam aliquid aut. Error maxime blanditiis est. Neque est sapiente fugiat. Esse ab iste unde consectetur consequatur quam. Ipsa placeat reiciendis fugiat fuga fugiat.', 'Ratione blanditiis at et enim sit quae. Nostrum illo similique facilis qui. Ea sapiente tempora id fuga. Vitae distinctio natus fugiat porro quia. Nihil maxime magnam similique et rerum accusamus. Soluta vel hic non dolorem cupiditate. Ipsam aliquid voluptas magni dignissimos minima odio sit aut. Recusandae sint voluptatem cupiditate reprehenderit consequatur quia. Nihil laboriosam et non exercitationem quis. Numquam neque aliquam aspernatur aut iure voluptate pariatur facilis.', 'Dolorem ut quos ut iste provident. Voluptatem aut sit et. Numquam sed eaque nostrum illum. Ipsa assumenda optio facilis quasi eum deleniti et. Cum repellendus quod ipsa quos iste repellat. Eos eveniet nesciunt minus enim porro. Et et iusto illum et et iure sint. Numquam neque quod deserunt quo officiis et saepe placeat. Veritatis eum soluta et. Sit ut nam occaecati fugit excepturi repellendus. Officia aperiam voluptates illum et.', 3, '1998-03-13', 29, '2022-08-17 21:23:09', '2022-08-17 21:23:09'),
(16, 'Fae Reilly', 'Qui inventore similique maiores quia optio. Exercitationem animi aliquid error. Blanditiis impedit error saepe quibusdam modi qui atque. Nobis ratione rerum est autem cum dolores. Ab voluptates consectetur optio facere autem molestiae eveniet. Libero inventore maiores similique. Dolorem est expedita dolore ratione qui. Ipsa adipisci aut ab dolores officiis similique nihil. Inventore suscipit dolores eum.', 'Praesentium quo placeat optio harum id consequatur vitae. Tempore fuga sunt ut dolores consequatur est. Ut eligendi velit dolore quisquam omnis tempore dolore. Numquam ut excepturi alias nostrum architecto consequatur est. Culpa ex ut sit. Reprehenderit molestias laborum ea harum ut. Doloribus sit tempore deserunt molestias voluptatem rerum. Illum a quibusdam est deleniti est facere rerum atque.', 'Unde velit optio dolor ullam doloremque veritatis veritatis modi. Tempore similique ut reiciendis et. Libero veniam repellendus quibusdam praesentium nisi et. Totam et sed vitae voluptatibus sequi laboriosam. Commodi natus id sint exercitationem molestiae non deleniti. Id incidunt deleniti debitis et ipsam totam ducimus. Minus voluptas sit dolores perferendis eum.', 0, '2003-10-08', 23, '2022-08-17 21:23:09', '2022-08-17 21:23:09'),
(17, 'Ms. Margie Mayert', 'Quisquam ipsum in officiis nemo dolorem minus. Ut architecto numquam consequatur ut provident. Dolores vero quos beatae distinctio sed. Exercitationem earum qui numquam quidem quibusdam vero minus. In occaecati qui ipsa temporibus maxime aut corporis. Omnis molestias iure accusamus quia. Aut minima voluptatem iure corrupti. Illum ut sint rerum inventore. Nemo rem explicabo voluptate magni. Unde consectetur vel magni odit.', 'Quia alias debitis cupiditate voluptate. Rerum reprehenderit reprehenderit mollitia illum. Odio qui optio et possimus. Ut quasi architecto hic eos. Ut dolores debitis porro atque corporis ut dolorem. Et sint repellendus aut cumque repudiandae sunt. Quisquam ut iste ab ducimus dolore. Id modi magni voluptatem eligendi et sed.', 'Assumenda officia magni minus inventore consequuntur quod. Nulla sint harum voluptas laborum nihil reprehenderit. Et minima harum ullam voluptatem odit. Animi repellat ratione quia iure explicabo ut dolores esse. Maxime sunt aut recusandae optio. Quisquam aliquam in sed quis veniam dolorem sapiente architecto. Accusamus autem voluptatem tenetur quis in rerum eos. Tenetur excepturi cumque illum voluptatem saepe saepe eos. Sed sit accusamus et cupiditate temporibus asperiores voluptatem saepe.', 8, '1996-11-16', 14, '2022-08-17 21:23:09', '2022-08-17 21:23:09'),
(18, 'Hilda Lang', 'Voluptas fugiat pariatur reiciendis neque. Nulla minima sunt ut labore consequatur voluptates esse omnis. Aut eligendi dolorem quo totam libero dolore aliquid. Nisi architecto enim aut iste provident ea et tempore. Ut dolorem incidunt ut repellendus. Ipsum tempore ut blanditiis. Corporis quis amet ad ipsa voluptas dolores. Qui consequatur nemo necessitatibus quo repellendus. Labore cumque praesentium repellat repellat et.', 'Nisi sit incidunt fuga molestiae quaerat officia sequi. Voluptas vitae rerum mollitia aspernatur eos et. Distinctio dolorem sit fuga sit aut. Mollitia nihil alias veritatis reiciendis illum ad sit. Qui deleniti quia et eligendi laboriosam. Et et id repudiandae accusamus.', 'Maiores saepe eaque quos quibusdam quia accusantium molestias. Est eos laudantium qui sunt. Debitis provident sit similique odit consequatur. Nesciunt fugiat hic omnis voluptatibus. Sunt nemo voluptates nesciunt cupiditate eaque cumque. Et ipsum ab ut sit. Et numquam architecto facere sed asperiores. Non dolorem est rerum assumenda. Accusantium consequatur quam animi voluptatem. Veniam sit illo sapiente possimus est. Assumenda facilis amet quam ipsa accusamus aspernatur.', 6, '1972-05-19', 48, '2022-08-17 21:23:09', '2022-08-17 21:23:09'),
(19, 'Ms. Aaliyah Lesch MD', 'Ad dolorem molestiae sed amet saepe voluptas. Eveniet sint deserunt est sit voluptates aut temporibus quia. Placeat dignissimos et quis repellat. Sunt deleniti et qui explicabo libero vel doloribus. Harum quia ad esse. Sed neque laboriosam consequatur molestiae excepturi. Quis quisquam dolorum voluptatibus placeat voluptatum. Sed atque adipisci itaque assumenda ab quod minima ut. Aspernatur soluta dolorem at sit. Beatae quod enim unde.', 'Pariatur quo provident enim nihil similique velit aut. Saepe incidunt dolorem voluptas incidunt atque. Omnis quis enim odit. Dolorem dolores nisi velit quisquam mollitia autem. Et quisquam dolorum vitae id ullam a necessitatibus aperiam. Ea recusandae sunt sunt maiores amet est. Corrupti eaque rem est. Debitis repudiandae quis ut dolorem consequatur repellat officiis qui. Quia molestiae explicabo ipsa.', 'Corrupti pariatur ducimus commodi cumque porro. Dolorum distinctio autem eius dicta. Repellat libero odit perspiciatis ea. Officiis quibusdam vel et non sit et saepe. Numquam alias perspiciatis quae sint veritatis dicta. Quia maiores sit qui. Officiis incidunt vero accusantium. Aut officiis vel repudiandae tenetur. Optio facere nihil aut quam voluptatem. Aperiam voluptas quia exercitationem porro iste atque. Ea fugiat non placeat quasi.', 5, '2015-07-16', 6, '2022-08-17 21:23:09', '2022-08-17 21:23:09'),
(20, 'Mr. Vince Schuster III', 'Dolorem quia consequatur aliquid eum fuga. Libero omnis velit sed nihil. Et et et exercitationem esse eum. A cum vel accusamus provident consequatur ea dolor. Dolorem unde in ad deleniti sed. Sed ullam odio cum voluptatem fuga. Error et quis velit quisquam. Neque culpa ipsa commodi ab consequatur sit omnis. Qui qui ex eos dolorum itaque fugiat eius. Hic tempore quae est. Ea nam ipsa veritatis.', 'Sed aperiam ut ipsam fugit et pariatur consectetur. Dicta ipsa cumque voluptas rerum sint recusandae quisquam. Dolore repellat sunt expedita quidem ullam quis voluptatem corrupti. Consequatur labore voluptatum vero dolores eum. Dignissimos dolores quia quibusdam enim fugit fugit consequatur. Iure aut perspiciatis molestiae illo ut vitae. Nobis in numquam cum quod et debitis velit.', 'Et est voluptas ratione inventore nam repellat. Odit quaerat esse unde ut quam dolorum sint. Cupiditate autem tenetur consequatur quo explicabo aut. Ut sint iure ullam tempore. Aperiam molestias velit eum dolor. Dolorum molestias aut placeat corporis voluptatem fugit. Quam ipsam commodi et vel consequatur et non. Recusandae magni quis dolores nam sit reprehenderit qui quibusdam. Officia sunt explicabo quia. Tenetur enim ut atque voluptatum eligendi magni quo.', 8, '1974-10-26', 11, '2022-08-17 21:23:09', '2022-08-17 21:23:09'),
(21, 'Van Prosacco', 'Autem eum ex molestiae. Doloribus omnis quia qui velit. Nulla debitis rerum magnam ea. Eum unde aliquam aut. Earum recusandae rerum in voluptates molestiae quo perspiciatis. Est qui illo at quaerat aut non aliquam. Sunt aliquid vel dolores. Esse consectetur temporibus natus cumque ut neque magnam. Accusantium repellat laboriosam dolorem deserunt. Aliquam ad ad mollitia nam.', 'Non id dolorum ut corrupti excepturi quasi quidem. At qui sunt in ratione et voluptate ex. Similique accusamus voluptatem officiis et quibusdam. Mollitia mollitia ut voluptatem voluptas quos. Rerum aut voluptatibus dolorum ut officiis harum. Cumque molestiae in officiis dolorem et maxime. In et facilis voluptas. Dolorem sint animi provident quo quasi. Vel accusamus deleniti eos mollitia incidunt.', 'Omnis qui quod et doloremque facere et. Enim unde quo eveniet nihil omnis est est ratione. Quisquam consectetur eaque eos pariatur. Adipisci aliquam totam maiores. In numquam sit cum reprehenderit minus repellendus. Sed enim est inventore est. Et velit corporis perferendis dolore autem.', 2, '2018-05-17', 1, '2022-08-17 21:23:09', '2022-08-17 21:23:09'),
(22, 'Dr. Carroll Kirlin II', 'Ea non qui ullam autem recusandae repudiandae. Quis illo laudantium tempore consequatur quo eos quasi magni. Qui hic eligendi pariatur consequatur quis earum consequatur. Adipisci tempora ut iure sed. Ea atque illo consequatur. Et dolorem et dolorem nulla iste qui. Possimus id illum aliquid repellat est. Quis eius modi sed earum deleniti quod rerum. Qui sint aspernatur cupiditate eum voluptas quibusdam.', 'Nisi eum et occaecati id voluptas architecto dicta voluptate. Et animi ducimus est delectus. Eius voluptatem nisi omnis voluptas. Sapiente quo quaerat perferendis odio voluptatibus. Velit nemo aliquam et fugit ducimus et. Unde nulla architecto amet magnam. Cum aut architecto ut aut debitis eos occaecati. Alias quae totam eaque inventore labore rerum saepe. Molestiae quod nulla quaerat adipisci aperiam. Aperiam excepturi eveniet voluptatem ipsum voluptas.', 'Fugit magni deleniti incidunt similique reiciendis natus voluptatem. Quasi doloremque sequi sequi. Delectus aut et quia veritatis. Illo ea a alias qui ratione. Necessitatibus eum exercitationem sit id non modi nobis. Molestiae aperiam totam aut perspiciatis quasi. Nam laboriosam labore enim eligendi et illo. Nisi sed dolores alias fugit nesciunt similique vitae. Quae voluptatem ratione aut autem et qui.', 1, '2007-07-06', 34, '2022-08-17 21:23:09', '2022-08-17 21:23:09'),
(23, 'Kirsten Schulist', 'Est et consequatur cupiditate aut. Ut omnis in animi omnis eum animi. Iusto omnis iste debitis quis dolores et. Ducimus ullam debitis et et eos adipisci ut tenetur. Sit repudiandae assumenda aliquid quod. Et beatae consequatur quasi doloribus consequatur. Occaecati ratione aut unde impedit suscipit voluptate ratione.', 'Id eos qui veritatis quos ut et et odio. Temporibus rerum quos eveniet adipisci reiciendis. Neque atque qui et ratione. In adipisci delectus et voluptatem illo similique ipsam. Eius non non ut autem. Nostrum debitis ex esse ad tempore. Aperiam consequatur voluptates repudiandae debitis praesentium. Debitis consectetur et animi tenetur debitis porro est.', 'Natus fugiat omnis rerum similique quis voluptate veritatis. Neque libero eaque sint aut illo est deserunt. Quis sunt omnis consequatur saepe recusandae. Ab provident perferendis ad voluptatem eum laudantium. Dolore vero enim alias rem. Saepe in non harum rerum architecto explicabo quidem ipsa. Non nihil voluptatem pariatur inventore dolores quia.', 7, '2013-02-03', 31, '2022-08-17 21:23:09', '2022-08-17 21:23:09'),
(24, 'Dr. Anne Littel IV', 'Quo numquam quis recusandae. Placeat numquam adipisci deserunt provident vel ipsum eum. Qui voluptatum tenetur omnis velit magni necessitatibus dolores rerum. Voluptas rerum esse voluptas ipsum consectetur unde. Fugit adipisci fugiat dolor minus rerum non iusto. Voluptates omnis qui dicta et et atque qui. Eaque eos itaque laboriosam tenetur. Et architecto qui quasi omnis. Perferendis rerum et facere aut accusamus quisquam repellat.', 'Sunt adipisci quas possimus enim et aut. Alias aliquam quia dignissimos nam exercitationem. Beatae eius labore aperiam corporis error necessitatibus minima sit. Libero in eius et eius reiciendis. Et repellat porro illo. Dolor iste error fugit. Non non error facilis perspiciatis voluptates et. Aliquid optio qui dicta laudantium autem eaque ipsa. Et voluptatem et aspernatur autem alias quidem mollitia. Totam at qui magnam perferendis.', 'Ad sapiente ipsam omnis quo qui in. Aut ratione in est. Sint laborum voluptatem voluptatibus at aperiam accusantium sint. Et facere praesentium quis eum earum quia quisquam autem. Perferendis error doloremque fugiat. Aut dolor qui quia molestiae iste harum adipisci. Laboriosam atque sed non sunt quos. Blanditiis dolorem est debitis excepturi nobis. Itaque dolores sed voluptatum officia harum aut repellat. Voluptas beatae ullam quo ut fugit corrupti sed.', 1, '1974-11-14', 38, '2022-08-17 21:23:09', '2022-08-17 21:23:09'),
(25, 'Karl Wehner', 'Nam provident nisi quos ipsum voluptas eveniet molestiae amet. Rerum quia cupiditate nihil doloribus. Cum ducimus et vel quod ea. Vel est quod aut omnis officia sit ratione. Odio fuga quia consequatur. Natus dolor quisquam ipsum adipisci in qui nemo. Enim sit et iure aut quis aspernatur qui quis. Officiis quod et sint ducimus voluptas mollitia. Architecto nesciunt nulla nobis nam veritatis repellendus veritatis. Earum voluptate fugit rerum suscipit rerum.', 'Reprehenderit quo nulla voluptas earum. Illo laboriosam molestiae reiciendis suscipit maxime. Quos quia ad nobis fugiat sit eos. Unde eum iusto sunt. Autem assumenda nam ab labore ad quaerat. Autem consequatur itaque dolore. Qui ut nulla blanditiis voluptatem voluptas velit aperiam. Veritatis eum fugiat voluptas quis aspernatur nihil. Quis quia optio aut sed dolore quia ratione odio. Maxime fugiat voluptatibus corporis repellendus. Aut omnis inventore harum.', 'Optio rem ut magnam voluptates. Ipsam labore et aut ducimus molestiae eveniet aut. Facilis quaerat earum quibusdam incidunt qui sapiente. Sed blanditiis non odit aspernatur aliquid. Necessitatibus nisi blanditiis alias deserunt sapiente mollitia nesciunt. Exercitationem numquam earum commodi est. Necessitatibus iste quam saepe repellendus voluptatem molestiae. Dolore velit quis eum et velit modi eaque consectetur.', 0, '2009-04-02', 41, '2022-08-17 21:23:09', '2022-08-17 21:23:09'),
(26, 'Ms. Lessie Witting DDS', 'Dolorem pariatur beatae sit eum. Commodi aliquid esse nostrum mollitia aut perspiciatis rerum repudiandae. Accusamus nihil voluptatum nesciunt aut consectetur accusantium. Consequatur ut suscipit ut explicabo. Inventore exercitationem ducimus repudiandae dolor incidunt saepe praesentium doloribus. Quam laudantium omnis soluta assumenda dicta. Illum quisquam perspiciatis debitis voluptatum est.', 'Impedit ex eos et ut. Fuga repellat esse recusandae alias ad inventore. Deleniti rerum sit voluptas consequatur magnam et laborum non. Nisi sequi earum omnis ullam dolorum repellendus temporibus. Qui facilis consequatur magnam minus harum est mollitia. Nisi tempore quis minima magnam aut. Animi aut officia soluta impedit. Similique reiciendis omnis quia voluptas eaque sit assumenda.', 'Libero labore est ex perferendis. Assumenda aut soluta accusamus aut voluptates omnis assumenda. Iusto corporis minima animi. Voluptatum mollitia voluptas et est cum cum aut libero. Perferendis aspernatur numquam cupiditate eum assumenda. Qui accusamus modi in laborum et. Aut doloribus necessitatibus dignissimos rerum eum facilis. Error iure praesentium dolorem aut. Et magni nihil id voluptatum sit architecto enim.', 8, '2019-05-01', 9, '2022-08-17 21:23:09', '2022-08-17 21:23:09'),
(27, 'Athena Ondricka', 'Vitae minus aliquam sit consequatur. Accusantium aperiam in ullam. Eos nesciunt ut eum temporibus beatae sapiente placeat. Reprehenderit ea qui quis sapiente ab necessitatibus. Nobis alias cupiditate ea omnis corrupti esse. Tenetur ipsam modi et est provident. Illum aut non aut amet est enim. Sed vel nihil molestiae corrupti voluptate. Possimus pariatur temporibus esse commodi eos repudiandae minus. Iste sint ut in neque. Ut ut reiciendis quidem enim.', 'Necessitatibus corrupti accusantium sunt ipsa autem laudantium autem. Dolor laboriosam dolore id autem minima. Voluptates sint laboriosam voluptas. Molestiae sunt unde quod id et. Praesentium dicta at velit consequatur molestias sit. Quibusdam fuga accusamus dolor delectus nam. Minus minima minima iste illo unde sapiente totam. Sit ut in in velit veritatis consequatur accusamus. Voluptas id delectus tempora cum molestias.', 'Totam ex sunt debitis tenetur numquam. At dolorem minima deleniti maxime aliquam voluptate. Placeat culpa nostrum quo. Qui facere eligendi culpa. Neque voluptates provident modi deleniti ut natus nobis dolorum. Consectetur ipsa neque veniam tempora. Illum sit corrupti non. Harum nihil sed sunt eligendi. Aut aut et doloremque. Vero molestiae non placeat aliquid aperiam nihil rerum. Rerum est perspiciatis nemo odio doloribus qui minus. Odit rerum aut sapiente aut est.', 0, '1973-02-23', 19, '2022-08-17 21:23:09', '2022-08-17 21:23:09'),
(28, 'Catalina Schmitt Sr.', 'Et ut ut sit odio. Ad autem ea deleniti suscipit tempore. Neque dolorem libero quo et id. Porro eum culpa magni deleniti. Et praesentium laudantium dolorem temporibus. Vel hic est placeat possimus aut hic dolore. Nemo quisquam aut earum omnis hic ut. Totam incidunt hic est. Aperiam quod sit sit sed voluptas. Dolorum alias sint at neque. Impedit mollitia aut soluta.', 'Cupiditate autem ut perferendis totam quis sapiente. Sed repudiandae quos occaecati ut quae molestias. Eligendi nemo saepe possimus ducimus ullam. Praesentium cumque expedita illo quod voluptatem qui explicabo. Ut aspernatur dolores deleniti a et. Ut dolores optio aliquam quibusdam. Quia at esse minima eum voluptatum. Eos vitae commodi quo sunt nihil. Id ex animi ratione sint doloremque ducimus.', 'Repellendus ipsum reiciendis beatae quia. Doloremque veritatis dolores mollitia et est. Dolorem repellat quo quis accusantium. Eos ad earum eos hic possimus qui. Non explicabo autem deleniti repellendus sequi molestias vel. Quibusdam recusandae ducimus perspiciatis et consequatur et. Illo natus minima dolorem id error. At maiores iure quo libero. Id molestiae rerum inventore vel. Dolorum maxime nesciunt laboriosam atque.', 4, '2016-03-01', 5, '2022-08-17 21:23:09', '2022-08-17 21:23:09'),
(29, 'Halle Rippin', 'Nemo ipsum quibusdam magni nam commodi porro ipsam. Atque eos inventore qui minima explicabo modi optio. Qui qui ad similique fugiat. Corporis vitae itaque quasi. Et aut soluta non sint nam rerum est. Nihil quia doloribus eos quia in harum sapiente voluptatem. Illum eaque voluptas et minus consequatur amet. Soluta fugiat quibusdam similique ut distinctio ut enim sed. Dolor quia rerum eum veniam incidunt sapiente culpa.', 'Inventore dolores in harum adipisci. Tempora magni et omnis illum adipisci. Sunt perferendis error veniam culpa fuga ducimus. Corporis inventore sint recusandae sit soluta sed reiciendis. Sapiente labore dolorum fugit exercitationem eum. Ut est quibusdam illo et sunt ex. Quae vel deleniti qui vero. Illo alias cumque quo cum omnis expedita. Eveniet inventore sed ea et corporis ut odio.', 'Est similique vero natus eum. Sapiente autem molestiae tenetur et impedit at. Cupiditate fugit omnis qui quo possimus. Error labore explicabo beatae cupiditate. Commodi expedita ut dolor necessitatibus doloremque quia error quia. Consequatur amet rem quia voluptatibus aut eos dolor. Occaecati et quae officia eum dignissimos ipsam quo. Quia qui ullam dolores. Autem doloribus vitae unde perferendis qui.', 9, '2005-01-03', 7, '2022-08-17 21:23:09', '2022-08-17 21:23:09'),
(30, 'Salvatore Lesch V', 'Occaecati repellendus dolores cumque voluptatem aut. Ut enim aut dicta aut vel quo et dolor. Non praesentium id enim voluptas nobis. Ut autem dolor quia beatae exercitationem ratione est nemo. Qui quisquam facilis est numquam aliquam perspiciatis fugiat. Corrupti illum quos nesciunt expedita dicta aut aut. Ipsam doloremque esse et velit vitae. Sunt delectus ipsum quo dolorum aut. Dolorum ab delectus ab optio. Et cupiditate blanditiis voluptate sint eius quam eius.', 'Repudiandae temporibus numquam eos consequuntur perferendis omnis dolores a. Modi ea culpa fugiat dolores voluptatum corporis molestiae eum. Occaecati ipsa officiis sunt molestiae et aut eum. Pariatur iure impedit a et rerum porro. Est aut numquam dicta eum et suscipit. Corrupti provident assumenda et dicta. Excepturi blanditiis non et dicta non sit. Laborum vel fugit perspiciatis esse. Et voluptatem sapiente ab et voluptatem dicta pariatur. Sit voluptatem natus eos ipsam voluptatibus.', 'Velit officia commodi numquam. Occaecati consequatur impedit magni. Optio at enim provident modi maiores ut minus odit. Iusto cupiditate eligendi temporibus aspernatur voluptatibus eius magni. Minima architecto distinctio inventore et. Aut labore facere quod. Voluptatem repellat sint maxime voluptas dolores id ut. Corporis eos similique voluptate quibusdam eos eius. Beatae quia ipsam aperiam eos expedita. Labore ut quia eum sit.', 7, '1992-08-18', 18, '2022-08-17 21:23:09', '2022-08-17 21:23:09'),
(31, 'Eldora McGlynn', 'Nulla officiis quo perspiciatis quibusdam sint dolor ipsa. Quia optio non nisi corrupti. Magni pariatur est est reiciendis minima. Aliquam dicta et at libero officia. Rerum mollitia accusantium voluptatem explicabo itaque. Quia nobis repudiandae dolore accusamus. Id atque eveniet omnis optio maiores aspernatur tempora dolores. Magni nam itaque qui quia magni qui natus.', 'Nobis earum recusandae consequatur ratione sit non blanditiis. Porro dolorem ut iusto voluptatibus quam pariatur. Sed quasi aut earum qui vitae. Sint corrupti soluta occaecati est cum. Quam magni eos velit. Mollitia in fugiat vero consectetur deserunt voluptatem quis iusto. Amet neque sapiente sit quia. Id ut est sit nihil quis. Officia dolor laboriosam velit est. Minus hic sit nulla qui. Corrupti esse consequuntur nostrum dolores corporis.', 'Vitae qui assumenda vel alias dolorem quos commodi. Nulla suscipit officia itaque in. Temporibus ipsam dolores doloribus voluptatem perferendis id. Rerum aperiam minus dolores sint. Doloremque quo perspiciatis commodi occaecati. Porro fugit architecto tenetur totam. Eius delectus nihil inventore est nihil est repellendus quia. Doloremque esse inventore fugiat veritatis est iste voluptatem. Qui esse provident dolore dolorum laborum. Aspernatur iste et et ut odio.', 4, '2019-07-15', 45, '2022-08-17 21:23:09', '2022-08-17 21:23:09'),
(32, 'Irma Hermiston', 'Libero repellat modi aut qui nam illo debitis explicabo. Excepturi repellendus aut soluta architecto consequatur. Minus magnam officiis nihil illo facilis vel adipisci odit. Ut est esse optio. Minus labore ut nemo maxime et laborum. Ea similique quibusdam ut nesciunt adipisci ut. Non ut quia laboriosam eius. Sit velit qui necessitatibus autem deserunt. Ut qui doloremque molestiae ut et. Rerum rerum et blanditiis dolorem fugiat itaque recusandae.', 'Similique iste quasi qui qui et repellat voluptatem. Incidunt consequatur sint architecto in. Et rerum dolores sit aliquid. Corporis similique et repudiandae veniam natus reprehenderit. Nobis eos est quis vitae. Qui maiores velit voluptatem et vel voluptas. Nihil deleniti totam sed fuga consequatur numquam. Dicta facilis molestiae non est rerum quam laborum. Officia exercitationem eaque ratione rerum eos. Non sed aut fugiat magnam in earum.', 'Alias ut libero eum quam sed inventore autem eum. Ut cumque et odio eum soluta qui. Et molestiae sint cum officia deleniti ut fugiat. Voluptatem deserunt amet voluptates dolorem quaerat omnis enim. A atque dolore ut quisquam pariatur qui rerum vitae. Debitis error omnis perferendis adipisci tempore atque cupiditate. Voluptates illum a pariatur aut id in.', 2, '2008-12-23', 12, '2022-08-17 21:23:09', '2022-08-17 21:23:09'),
(33, 'Billy Jones', 'A aliquam quo sunt molestiae et at ut. Accusamus tenetur quia doloremque qui facere. Culpa ea est atque. Accusantium voluptatibus eveniet voluptatum culpa et. Eos porro sunt doloremque quisquam earum necessitatibus. Ut quod officiis et eveniet minima blanditiis. Omnis dignissimos ipsa voluptates similique doloremque. Aut enim blanditiis et sint hic. Dolorem corporis veniam et ratione quia sapiente est dignissimos.', 'Est voluptatem sunt facere non eaque distinctio occaecati. Facilis numquam voluptas enim quasi quibusdam aut necessitatibus. Tenetur doloribus numquam quia repellat culpa. Iste rerum sit qui nulla nobis. Harum molestias officiis maxime sit ut et fuga ut. Nemo in est repudiandae possimus. Autem voluptas sint illo consequatur nobis officia nam. Autem eos laudantium possimus.', 'Est quos in eius fugit iste officiis. Facilis neque ipsa perspiciatis voluptatum. Alias sit excepturi voluptas. Maiores deleniti tenetur mollitia vitae commodi. Et ut harum enim repellat. Fugit voluptate dicta et est corporis. Sit natus temporibus et fugiat impedit voluptas dicta. Deleniti fugit totam accusamus aut provident in. Perspiciatis suscipit placeat iusto dolore fugiat. Omnis eligendi eum qui dolorem est. Quidem ea quis et ut. Possimus hic voluptatem quo eum quam earum laborum.', 6, '2005-02-02', 16, '2022-08-17 21:23:09', '2022-08-17 21:23:09'),
(34, 'Kenneth Rau', 'Qui perspiciatis explicabo quam. Modi excepturi voluptate dicta libero accusamus nesciunt. Qui expedita dolorem ut. Quia autem a provident fugit est. Eum excepturi laborum quasi non aliquam perspiciatis perspiciatis in. Itaque aut enim et harum. Iusto ut consequatur ab sit. Aut recusandae ullam quasi eligendi non. Consequuntur voluptatem tempore iste nemo pariatur amet. Aut saepe sit doloribus nobis adipisci id.', 'Odio deserunt est natus dolorem. Omnis quam non vel culpa. Et autem vero quod qui sint in. Ipsam laboriosam quos cumque magnam atque quam ex tenetur. In sapiente ipsam dolorem incidunt sint aspernatur at molestiae. Corporis minima voluptatem nihil eveniet. Molestiae eos et natus vitae. Dolorem ratione et consectetur voluptates aut harum quidem. Ipsum aut ut placeat ut quae eos. Laudantium voluptatem optio similique inventore nesciunt.', 'Dolorem autem corrupti corporis sequi adipisci. Fuga et sed impedit rem quo. Exercitationem neque aut fugiat est ipsa deserunt. Pariatur aut dolor aut cumque ipsum. Deserunt eaque ea qui magnam molestias laboriosam et. Molestias corporis aperiam quia. Autem minus exercitationem hic quisquam est ut recusandae.', 3, '1970-01-31', 20, '2022-08-17 21:23:09', '2022-08-17 21:23:09'),
(35, 'Prof. Cletus Maggio III', 'Assumenda provident ut dolor ipsam nostrum ut quidem. Et vitae est iusto cum. Tenetur neque est ut. Alias est ut facilis eligendi sed. Enim hic minima est excepturi velit. Laudantium dolorem alias officia eveniet iure rerum. Illum corrupti consequatur debitis consectetur. Incidunt expedita maxime alias. Sed omnis omnis dicta a nihil enim et. Quas ab aliquid reprehenderit odio. Sint ipsam non repudiandae. Aliquid quia laudantium beatae consequuntur repellat.', 'Quis id minus vel ut quia cum. Ullam aut esse eaque aut expedita numquam facere. Non odio esse enim. Qui blanditiis ut consequatur asperiores. Tempora repellat asperiores non unde quos ipsam. Fugiat ipsa distinctio in fuga vel quaerat voluptate. Sed et quis debitis alias quis. Rem sit iste eius harum necessitatibus quisquam nobis. Et sed ut fugiat quo voluptatum voluptas. Quae et praesentium error laboriosam. Est sunt soluta neque ut rerum perferendis minima.', 'Eum maiores ea enim rem voluptatem et at. Quaerat distinctio et aut. Soluta quasi dolore qui inventore ea voluptatem deleniti. Blanditiis voluptatem molestiae ut et numquam ipsa. Eius et ipsum quo ut molestias. Modi eligendi dolore cumque. Iusto eligendi asperiores ea eius provident doloribus. Quam reprehenderit inventore voluptate nemo inventore.', 4, '1984-09-12', 37, '2022-08-17 21:23:09', '2022-08-17 21:23:09'),
(36, 'Alta Wolf', 'Nihil tenetur porro quis et maiores recusandae qui. Eveniet iste culpa sed error. Eaque ut ut voluptate ullam deserunt ratione molestias facere. Sed qui officia et adipisci. Dolorum voluptatem itaque harum error temporibus quos fugit. Ducimus eaque quasi exercitationem soluta. Nihil tempore eum voluptate. Et voluptate animi magnam dolorum necessitatibus ut sunt. Doloremque voluptates ullam dolores harum ratione optio delectus. Doloremque sint porro quia aut. Ut ea enim dolorum odio.', 'Autem ut aliquam molestias et est laboriosam aut et. Et fuga neque et consequatur enim similique eveniet. Atque quod perferendis cupiditate praesentium autem. Consequuntur commodi laboriosam ea quis consequatur. Praesentium nam voluptas dicta cumque id amet. Magnam voluptas ut animi labore vitae ab. Accusamus voluptatem eos et eaque. Rem odit asperiores maxime quam quibusdam. Totam sint qui excepturi ex sint asperiores. Quia autem ut ducimus qui neque.', 'Dicta alias ipsa ut hic. Id illo officia omnis ullam. Ut in ipsum voluptatem earum. Ducimus deserunt aspernatur iste assumenda aperiam. Quasi perspiciatis rerum aut. Consequatur et aliquam sint aut. Exercitationem est praesentium quia voluptas blanditiis. Sed unde dolorum dolores autem maiores. Et qui mollitia quo aperiam aut. Ratione nulla culpa architecto accusantium quia. Asperiores et amet reprehenderit.', 0, '2020-12-30', 25, '2022-08-17 21:23:09', '2022-08-17 21:23:09'),
(37, 'Ms. Adaline Hermiston', 'Est doloremque ad placeat et est. Est distinctio aut itaque est nam voluptate est. Corporis dignissimos iste vel nostrum impedit. Minus natus labore ab dolore id. Accusamus vel aut ut et repellendus. Porro voluptates est est tempora voluptates. Asperiores neque eligendi eaque nisi rerum dignissimos. Et rerum et sequi officia.', 'Laborum tempore vel assumenda earum magni natus. At voluptatem consequatur sed ullam minima inventore aut id. Omnis consequatur qui expedita libero ut. Repellat consequatur qui beatae velit. Quasi labore at explicabo molestias dolore. Maxime deleniti sed aut aut voluptatem suscipit corporis. Quisquam qui omnis repellendus. Sunt voluptates nemo eius.', 'Velit qui impedit molestiae ab porro. Dolor qui ut sequi accusantium dolores quia id. Sapiente exercitationem veritatis ratione cum quia sit rem. Et tempore voluptatem cupiditate vitae. Et iusto commodi totam et dolores. Autem pariatur sit earum et architecto. Aut quia sit dignissimos qui. Ut omnis nam sequi officia est ducimus. Placeat et perferendis aliquam consectetur eos sequi ut.', 5, '2009-05-22', 26, '2022-08-17 21:23:09', '2022-08-17 21:23:09');
INSERT INTO `jobdetails` (`id`, `title`, `description`, `required`, `technical`, `salary`, `deadline`, `job_id`, `created_at`, `updated_at`) VALUES
(38, 'Doyle Cronin IV', 'Nemo enim qui ullam commodi sunt aut sunt. Iste voluptatibus recusandae excepturi consequuntur et. Voluptatum non ratione rerum nobis illo dolorem. Consectetur libero totam laboriosam exercitationem et quo est. Aspernatur cum magnam harum eligendi dignissimos eveniet. Qui minima doloremque ipsam eveniet unde eum repellat. Ipsam quisquam ut inventore fuga qui perspiciatis nesciunt.', 'Eveniet cupiditate aut blanditiis occaecati veritatis nesciunt. Illum ut expedita velit aut eveniet. Et assumenda atque voluptatum voluptates aut. Pariatur ea aut quaerat aut vel. Perferendis illo repudiandae magni. Consequatur ex assumenda eum voluptatum. Animi at iure impedit iste placeat magni. Dolorem porro qui sunt. Itaque qui quo accusantium non distinctio. Aut velit ea atque debitis. Consectetur repellendus alias suscipit.', 'Deserunt nesciunt distinctio exercitationem est. Enim vero est qui voluptatum. Repellat facilis magni quidem. Est omnis sunt iure nemo commodi. Et ex saepe molestiae eveniet saepe sed. Dolor quod et voluptatum ut ad labore est. Corporis nulla rem illo esse repudiandae ab cupiditate. Voluptatem qui dolores ratione maxime ex fugiat. Nihil qui eius et accusamus. Minima quo neque quae aut laudantium similique. Et labore sed et similique animi et.', 6, '2014-04-15', 49, '2022-08-17 21:23:09', '2022-08-17 21:23:09'),
(39, 'Jaylan Crist', 'Dignissimos nemo necessitatibus nisi voluptates. Tenetur rerum sint vel ut corporis optio. Voluptatem pariatur eum aspernatur tenetur. Dolorem exercitationem velit rerum in. Sed eos at est doloribus ipsum. Quia tempore voluptatem saepe id eum. Quis quisquam qui nihil autem laboriosam id commodi. Eum repellendus nisi illo aliquid necessitatibus. Sed et aspernatur est et. Repellendus sed culpa ducimus nam. Placeat ut sit occaecati vero. Alias illo velit quod eligendi.', 'Pariatur dolorem quia ab esse necessitatibus illo. Numquam et eaque aliquam maxime praesentium. Quod omnis quis eum minus modi rerum dolorum. Ipsa nulla in dolores architecto exercitationem ea ea. Non nemo ipsam alias nihil. Vitae qui veritatis sunt tempora nihil ut cumque aperiam. Omnis aliquid animi cupiditate est aut delectus rerum. Quia a sit voluptatem quia esse odio porro.', 'Totam ea libero quam qui ducimus amet. Soluta doloremque ut est tenetur nisi molestiae. Molestiae alias quisquam praesentium dolor. Et rerum distinctio omnis et exercitationem amet ipsum. Delectus tempore beatae in et aut mollitia voluptatem. Dicta optio ducimus aut ea sunt. Sint ipsam omnis veniam maiores rem. Aut beatae nihil dolorem. Ad facere labore alias cum quo.', 0, '1999-02-20', 35, '2022-08-17 21:23:09', '2022-08-17 21:23:09'),
(40, 'Brock Waelchi IV', 'Ex et minima et nisi explicabo inventore sapiente. Magni fugit omnis doloribus nihil ut dignissimos molestias. Deserunt dolorum est mollitia omnis. Facere aut voluptates voluptatem amet. Rerum quis ipsum vitae sequi. Quia enim est explicabo qui odit eos assumenda. Minus sunt voluptas quidem quisquam nemo mollitia. Ipsam sint dolores perferendis. Dolor harum nisi culpa et aperiam voluptate tenetur vitae. Ut sint ipsa necessitatibus totam eos debitis.', 'Voluptatem voluptas accusamus dolorem est. Aut commodi labore aut dicta. Rerum non commodi id reprehenderit et qui aliquid. Omnis possimus ut reprehenderit facilis beatae quidem laborum. Nostrum natus consequatur facere perspiciatis quasi consequatur et. Aut eligendi nesciunt est odit. Quam eveniet nam incidunt pariatur odit et aut. Est tempore quo vero voluptates recusandae neque non laborum. Veritatis ea saepe et eveniet.', 'Voluptatem numquam et soluta ipsam hic laudantium. Maiores sequi qui quibusdam sed consequatur porro. Commodi nesciunt minima aut voluptate iusto praesentium. Quis rerum saepe et magnam nam eos ut. Perspiciatis accusantium quaerat facere in quia esse. Est velit rerum porro accusamus. Iste sunt tempora totam odio et ea ad. Aut officia quos eius quas quis. Modi ut et consectetur repellendus.', 9, '2019-11-18', 32, '2022-08-17 21:23:09', '2022-08-17 21:23:09'),
(41, 'Prof. Caroline Kris', 'Nam est quae expedita dolor quia eius magnam. Est deleniti rerum quam et rerum dolor optio. Dicta saepe a delectus voluptatum deserunt error. Quia aliquid expedita aliquid totam at praesentium. Amet in soluta est hic quaerat. Voluptatum recusandae delectus incidunt. Molestias quidem tenetur modi quia reprehenderit aut. Ut exercitationem modi quis impedit et id.', 'Et harum harum deleniti nobis ea et. Natus ut voluptatem laudantium beatae veritatis. Dolores laboriosam consequatur ea unde aut. Est sit nesciunt et nam id ipsum. Necessitatibus dolor cupiditate voluptates. Quaerat dolore voluptatum perspiciatis voluptate ratione perferendis modi nihil. Cumque quia vitae voluptate. Voluptatem fugit officiis reprehenderit est. Voluptates sed deleniti at voluptatibus.', 'Sint repellat esse sunt sequi nihil dolorem. Molestias modi aut perferendis tempore et quo. Exercitationem aut magni soluta magnam minus cumque et. Omnis ut vero facere id. Praesentium rerum possimus dolore dolor magni. Fugit veritatis sit soluta sunt enim. Natus ut et omnis expedita. Dolores sit totam aut velit eos velit odit.', 1, '1976-02-17', 28, '2022-08-17 21:23:09', '2022-08-17 21:23:09'),
(42, 'Sabina Stiedemann', 'Nostrum nesciunt voluptates quam quia dolores cupiditate nobis culpa. Numquam iure reprehenderit voluptatem dolore voluptatem. Tempora autem eaque iusto dolor fuga. Delectus excepturi tenetur hic sed dolorem excepturi. Aperiam incidunt debitis error velit. Aut molestiae iusto voluptates porro nobis dicta voluptatum. Ut atque ullam tempore dignissimos sequi ut est. Distinctio aliquid facere perferendis consequuntur fugiat necessitatibus qui.', 'Placeat voluptatibus odio nulla quo vel optio. Laborum velit itaque occaecati ut explicabo quae temporibus ut. Doloremque esse accusantium esse. Voluptatem reiciendis inventore cum praesentium. Sit qui ut quibusdam quae non a iste. Amet animi nemo nihil. Quia perspiciatis quod aperiam dolorum non ipsum sed. Delectus necessitatibus qui maiores qui modi non quod. Officia rem itaque voluptatem.', 'Consectetur nam hic rerum. Aut et explicabo labore molestiae nobis. Ipsa voluptatum quia asperiores nam a. Odio unde suscipit necessitatibus cupiditate sunt et. Sit iste cum suscipit sed architecto possimus velit officia. Dignissimos deleniti nam a porro corrupti porro et. Sed ullam possimus repudiandae ut nisi. Cumque voluptas quasi numquam voluptatum in. Facere esse quo est ut sed. Iusto rerum ullam accusamus.', 3, '1978-12-25', 2, '2022-08-17 21:23:09', '2022-08-17 21:23:09'),
(43, 'Mr. Lewis Bernhard PhD', 'Itaque tempora inventore aut dolorem in eaque ipsam. Omnis et esse nisi necessitatibus ipsam consequatur animi ad. Quisquam magni est voluptas nihil cupiditate minima iure. Consequatur ipsum accusantium doloremque eaque blanditiis dignissimos. Pariatur iusto commodi odio molestias doloremque. Et voluptas dignissimos quasi voluptatem. Et et voluptatem quo doloremque beatae. Commodi iste itaque et tempora quos excepturi beatae.', 'Corporis omnis suscipit quia eos excepturi quo maiores fugiat. Voluptatem officiis quas ipsam nesciunt. Blanditiis earum enim sint aut eligendi et. In laudantium recusandae sapiente eum sit sed incidunt. Repudiandae repellendus suscipit facilis culpa laborum libero. Ea cum laudantium consequuntur quas omnis aut. In autem nesciunt dolores odio est eum.', 'Et dolores ut impedit molestias vel omnis. Qui laudantium doloremque aperiam itaque ratione corrupti vero. Voluptas aliquid a omnis vel fugit quos quisquam. Id quo nulla et facilis et. Dolor nemo eveniet vel excepturi cumque vel. Occaecati soluta eos asperiores est. Omnis eligendi quam vero eveniet eum nemo eos. Laboriosam quisquam magnam perspiciatis voluptates porro laboriosam est. Fugiat qui error non.', 3, '1980-01-08', 47, '2022-08-17 21:23:09', '2022-08-17 21:23:09'),
(44, 'Mr. Henri Klocko Jr.', 'A et doloribus quia beatae. Optio dolor dolor autem veniam qui libero. Voluptates et omnis veniam est aut reiciendis earum. Nihil quo corrupti praesentium ipsa sed. Eligendi aspernatur qui nihil voluptatem iure neque. Vel dolores quia non autem deleniti. Ea ducimus dicta non perferendis neque. Nulla explicabo voluptatum reprehenderit officiis. Ducimus reiciendis debitis fuga ex deserunt totam. Eligendi impedit id minima quasi aut ullam laboriosam molestias. Reiciendis sed voluptates ut.', 'Pariatur et commodi occaecati alias esse fugit. Animi enim possimus quo reprehenderit ut dolorem. Dolor sit eveniet est necessitatibus quam laborum. Quaerat perferendis quod occaecati qui. Hic sit ratione labore dignissimos soluta adipisci. Sed fugit repellendus esse ipsum consequuntur occaecati voluptates voluptates. Atque et labore est ipsum quidem eos quos. Qui numquam repellat quam alias. Dolores ut laudantium vel.', 'Non delectus consequatur exercitationem est similique omnis incidunt. Placeat ipsum aliquam esse recusandae ut. Aliquam neque minima nihil ea rerum deleniti quo. Ea quas quos pariatur quis aut fugit iste. Ea neque et aliquid et vero ut. Totam corrupti ex rerum distinctio at ut. Aut nemo praesentium ullam voluptate facilis sint. Sed aut in excepturi et error voluptatem. Neque quia unde deleniti velit.', 4, '1994-04-21', 39, '2022-08-17 21:23:09', '2022-08-17 21:23:09'),
(45, 'Naomi Boehm V', 'Deleniti sed et fugiat aut minus sit. Consequuntur maiores ut ut consequuntur eaque. Optio qui magnam voluptatum repellendus. Nihil amet itaque nostrum repellendus. Optio at est consequuntur quam quia neque odit blanditiis. Perferendis qui voluptatem quaerat voluptatum. Aperiam deleniti laboriosam et mollitia iure repudiandae sed. Quo ipsum consectetur earum temporibus tempore mollitia quia sint.', 'Atque repellat nam aliquam minima. Quasi nostrum omnis est unde. In voluptatem impedit officia laudantium commodi. Sit omnis nulla et temporibus rerum rem. Itaque sunt rerum maxime animi voluptatem assumenda exercitationem. Officia quo nihil ratione ut officia deleniti. Doloribus neque alias minus nihil ut cumque. Aut voluptate sint at iusto eveniet exercitationem officiis. Sapiente voluptas minima dolorum et consectetur repudiandae doloremque.', 'Harum iusto fuga et. Animi rem accusamus rem dolorem. Est voluptas eveniet reiciendis est. Sed ea facilis natus labore quo. Sed quidem occaecati enim aut natus. Excepturi quo velit repellendus aperiam iure. Molestias dolores consectetur repellendus. Aut incidunt illo vero sit. Odio sint totam odio. Vitae et velit aut iure. Architecto beatae cum placeat fugit velit eos totam. Quis dolor debitis perspiciatis omnis iste minus aperiam sint. Eligendi sunt nulla corrupti nobis a totam.', 5, '2007-09-14', 17, '2022-08-17 21:23:09', '2022-08-17 21:23:09'),
(46, 'Prof. Arturo Lowe I', 'Cum et voluptatem ea illo aut adipisci quaerat. Officiis sapiente delectus corrupti quos libero. Cum qui architecto placeat hic eum quidem asperiores. Vitae soluta commodi ullam non dolor doloremque perferendis. Sit deserunt quis sint facilis dolor et ab. Ullam illum corrupti at et. Recusandae ut error a saepe quo consequatur ullam odio.', 'Corrupti odio unde omnis itaque natus qui. Autem ad est repudiandae debitis maiores non officiis. Aut ipsam libero dicta maxime libero dolorum. Odio ipsum voluptatem maxime qui quibusdam quis illum. Ab quis animi qui et et. Laboriosam eligendi quisquam perferendis enim. Aliquid animi eaque ea corporis aliquam ex voluptatibus ea. Porro est eos quibusdam.', 'Itaque sed inventore cumque autem velit voluptates. Totam quasi rerum aut ut repellat animi fuga. Ea ipsa error voluptas ab. Sit earum vel ratione pariatur perferendis. Earum incidunt culpa cumque delectus. Doloremque provident iusto sapiente quibusdam nam. Repudiandae similique voluptas fuga nobis molestias et. Quia et facere eius. Laboriosam autem unde voluptatem voluptatem est.', 0, '1973-03-10', 36, '2022-08-17 21:23:09', '2022-08-17 21:23:09'),
(47, 'Rolando Koss', 'Suscipit vitae qui optio illo deserunt voluptatibus. Quibusdam ipsum soluta consequatur porro occaecati possimus cumque. Ut quia enim aut. Ut quam et impedit distinctio voluptas voluptas minima quo. Tempore qui a sint reiciendis quo exercitationem distinctio nihil. Eos et ut quos amet voluptatem. Qui nihil enim fugiat aut. Molestias cupiditate nihil maiores aperiam officia dolorem. Nam ut itaque doloribus dolore sit. Officia omnis odio numquam quisquam facere aspernatur.', 'Iste sunt quae debitis ea. Odio et voluptas molestiae nobis voluptatem rerum magnam. In aspernatur soluta et occaecati nihil labore rerum ab. Odit magni animi eaque sunt molestias cum in blanditiis. Ut illo fugiat sit eos. Voluptate dicta libero doloribus fugiat in. Eos blanditiis rerum nostrum unde autem fuga.', 'Esse sed voluptas voluptatibus ea nisi. Cumque natus est eos ipsa. Repudiandae in necessitatibus dolorum et. Mollitia ab ratione vel minima omnis qui soluta. Animi veritatis et ut aut odio asperiores. Corporis ipsum occaecati commodi id et non. Omnis eum culpa ut quos laboriosam ipsa earum facere. Ex occaecati molestiae consequatur sint ipsum voluptatem. Cum distinctio maxime ut sit cum. Dolor est voluptas eos odio tempore dolore. Fugiat eaque in voluptas quod.', 5, '1979-05-19', 43, '2022-08-17 21:23:09', '2022-08-17 21:23:09'),
(48, 'Edna Towne', 'Dolorem id est laborum corporis explicabo et id. Et et doloribus dolorem cumque et vel illum. Exercitationem quam saepe non ipsa. Ut non sit nam ullam atque eos voluptates. Ipsa aut dignissimos odit dolor eaque dolorem. Modi et in quia iste. Quis est nobis expedita exercitationem. Est magni omnis voluptatum iste enim. Et vel ab dolorem iste. Quo et velit omnis in rerum quidem. Cumque voluptatibus atque mollitia. Rerum odit animi cupiditate excepturi. Perferendis voluptatem dolore a maxime qui.', 'Occaecati error accusamus dolores consequatur est sed rerum enim. Quisquam omnis inventore reiciendis necessitatibus ut quam. Dignissimos architecto a necessitatibus voluptatem eum. Qui dolor ex ex ad molestias. Quidem sit laborum molestias vel et at velit. Reiciendis et excepturi debitis odio voluptatum quam vero. Debitis itaque maiores maxime quae a. Laudantium perspiciatis omnis eos id at laboriosam. Quia cum reprehenderit animi aut iusto voluptatem adipisci.', 'Distinctio enim error amet eos rem aut. Ipsa voluptas harum eveniet maxime repellat eum accusantium. Nihil corrupti dolor repudiandae voluptates debitis et rerum. Sit totam molestiae non mollitia. Cum vitae et ad hic rerum provident quia. Sunt ut et et et reprehenderit commodi aut. Deleniti eveniet nemo aspernatur iusto corporis alias. Eos repellendus qui iure est. Inventore sint ducimus quisquam delectus ut laboriosam. Aut ut itaque placeat. Velit nam fugit ut cumque deserunt.', 7, '1994-10-04', 22, '2022-08-17 21:23:09', '2022-08-17 21:23:09'),
(49, 'Dr. Antonio Cormier Jr.', 'Est et et maxime. Accusantium et eum quia. Sequi quia ut maxime numquam. Minus cumque eius sit accusantium eos quas ab. Labore tenetur sit qui porro perspiciatis sunt. Est itaque explicabo dolorum laborum voluptatem earum laboriosam. Natus sunt perspiciatis excepturi quos voluptas. Est qui laboriosam accusantium in fugiat.', 'Et beatae cupiditate rerum suscipit neque repudiandae. Optio vel autem nemo illo corrupti voluptas omnis. Reprehenderit id et reiciendis libero unde molestias ut placeat. Et voluptatem dolor odit temporibus. Aliquid perferendis quos non. Sunt cum et harum quis. Ducimus fugit aliquid pariatur laborum. Aut et necessitatibus nostrum qui inventore excepturi. Molestiae debitis rerum qui non modi dolor. Maxime est ut dolorem laborum itaque dolorem.', 'Qui ut consequatur pariatur dolorem dignissimos voluptatem nam. Ex voluptas voluptatem rerum. Odit nemo sed quis autem et voluptatem perferendis. Fuga quae doloribus quam ea. Impedit nihil expedita excepturi explicabo accusamus. Ratione vero facilis perferendis dolorem exercitationem at. Debitis fuga non alias deserunt tempora est ullam laboriosam. Ipsum non laboriosam libero quas ab numquam. Dolorem officia quod ipsa autem.', 9, '1974-09-15', 42, '2022-08-17 21:23:09', '2022-08-17 21:23:09'),
(50, 'Tierra Collins', 'Eaque inventore ullam vitae dolorem non quod reiciendis maiores. Maxime earum et voluptas aspernatur tempora eaque architecto. Quam nulla aut reiciendis expedita. Debitis consequatur temporibus dolor maiores amet. Corporis dignissimos non non voluptatem maxime incidunt. Dolores possimus aut architecto excepturi. At quod quaerat est nihil quibusdam quae sit qui.', 'Quam reiciendis consequatur temporibus maiores sunt unde cupiditate reprehenderit. Est quidem vitae dicta voluptatibus quae dolores. Inventore harum ex autem. Quia sit cupiditate aut et consequatur voluptatem. Nesciunt porro enim quis aut. Iusto aut non sed exercitationem. Et odio dolorem et voluptas sint. Qui dignissimos quibusdam neque ducimus rem quis.', 'Consequatur nostrum officiis ea ut et. Tempora id corrupti distinctio sapiente sit rerum. Magni quis nisi provident aperiam placeat enim. Qui eligendi nostrum blanditiis ratione molestias. Necessitatibus ullam esse odio voluptatem dolor. Fuga quia molestias doloremque suscipit quis vel. Labore sapiente odio et optio illo quia quis dolorem.', 3, '2003-02-15', 33, '2022-08-17 21:23:09', '2022-08-17 21:23:09'),
(51, 'Front End Dev', 'viec nhe', 'sdasdasd', 'html,css', 10000000, '2022-08-19', 51, NULL, NULL),
(52, 'PHP DEV', 'Go1 is on a mission to unlock positive potential through a love of learning. The Go1 platform makes learning easy with thousands of courses in one simple solution. Since our founding in 2015, we have grown to an organization of more than 650 people located across the globe. At Go1, we go to infinity and beyond through excellent work, prioritizing actions over words and encouraging creativity and candour. ', 'Programming languages: PHP, NodeJS, ReactJS - We hire from any language', 'PHP', 20000, '2022-08-27', 52, NULL, NULL);

-- --------------------------------------------------------

--
-- Cấu trúc bảng cho bảng `jobs`
--

CREATE TABLE `jobs` (
  `id` int(10) UNSIGNED NOT NULL,
  `company_id` int(10) UNSIGNED DEFAULT NULL,
  `job_type_id` int(10) UNSIGNED DEFAULT NULL,
  `created_at` timestamp NULL DEFAULT NULL,
  `updated_at` timestamp NULL DEFAULT NULL
) ENGINE=InnoDB DEFAULT CHARSET=utf8mb4 COLLATE=utf8mb4_unicode_ci;

--
-- Đang đổ dữ liệu cho bảng `jobs`
--

INSERT INTO `jobs` (`id`, `company_id`, `job_type_id`, `created_at`, `updated_at`) VALUES
(1, 43, 3, '2022-08-17 21:23:08', '2022-08-17 21:23:08'),
(2, 25, 2, '2022-08-17 21:23:08', '2022-08-17 21:23:08'),
(3, 41, 3, '2022-08-17 21:23:08', '2022-08-17 21:23:08'),
(4, 7, 3, '2022-08-17 21:23:08', '2022-08-17 21:23:08'),
(5, 21, 2, '2022-08-17 21:23:08', '2022-08-17 21:23:08'),
(6, 51, 3, '2022-08-17 21:23:08', '2022-08-17 21:23:08'),
(7, 51, 2, '2022-08-17 21:23:08', '2022-08-17 21:23:08'),
(8, 50, 1, '2022-08-17 21:23:08', '2022-08-17 21:23:08'),
(9, 3, 2, '2022-08-17 21:23:08', '2022-08-17 21:23:08'),
(10, 21, 1, '2022-08-17 21:23:08', '2022-08-17 21:23:08'),
(11, 7, 2, '2022-08-17 21:23:08', '2022-08-17 21:23:08'),
(12, 47, 1, '2022-08-17 21:23:08', '2022-08-17 21:23:08'),
(13, 7, 3, '2022-08-17 21:23:08', '2022-08-17 21:23:08'),
(14, 43, 3, '2022-08-17 21:23:08', '2022-08-17 21:23:08'),
(15, 9, 3, '2022-08-17 21:23:08', '2022-08-17 21:23:08'),
(16, 49, 3, '2022-08-17 21:23:08', '2022-08-17 21:23:08'),
(17, 9, 3, '2022-08-17 21:23:08', '2022-08-17 21:23:08'),
(18, 49, 2, '2022-08-17 21:23:08', '2022-08-17 21:23:08'),
(19, 3, 3, '2022-08-17 21:23:08', '2022-08-17 21:23:08'),
(20, 51, 2, '2022-08-17 21:23:08', '2022-08-17 21:23:08'),
(21, 21, 2, '2022-08-17 21:23:08', '2022-08-17 21:23:08'),
(22, 43, 1, '2022-08-17 21:23:08', '2022-08-17 21:23:08'),
(23, 43, 3, '2022-08-17 21:23:08', '2022-08-17 21:23:08'),
(24, 47, 1, '2022-08-17 21:23:08', '2022-08-17 21:23:08'),
(25, 28, 1, '2022-08-17 21:23:08', '2022-08-17 21:23:08'),
(26, 7, 2, '2022-08-17 21:23:08', '2022-08-17 21:23:08'),
(27, 41, 1, '2022-08-17 21:23:08', '2022-08-17 21:23:08'),
(28, 21, 3, '2022-08-17 21:23:08', '2022-08-17 21:23:08'),
(29, 41, 1, '2022-08-17 21:23:08', '2022-08-17 21:23:08'),
(30, 3, 2, '2022-08-17 21:23:08', '2022-08-17 21:23:08'),
(31, 49, 2, '2022-08-17 21:23:09', '2022-08-17 21:23:09'),
(32, 9, 1, '2022-08-17 21:23:09', '2022-08-17 21:23:09'),
(33, 44, 1, '2022-08-17 21:23:09', '2022-08-17 21:23:09'),
(34, 49, 2, '2022-08-17 21:23:09', '2022-08-17 21:23:09'),
(35, 28, 1, '2022-08-17 21:23:09', '2022-08-17 21:23:09'),
(36, 50, 2, '2022-08-17 21:23:09', '2022-08-17 21:23:09'),
(37, 9, 1, '2022-08-17 21:23:09', '2022-08-17 21:23:09'),
(38, 47, 2, '2022-08-17 21:23:09', '2022-08-17 21:23:09'),
(39, 55, 1, '2022-08-17 21:23:09', '2022-08-17 21:23:09'),
(40, 21, 3, '2022-08-17 21:23:09', '2022-08-17 21:23:09'),
(41, 7, 3, '2022-08-17 21:23:09', '2022-08-17 21:23:09'),
(42, 44, 2, '2022-08-17 21:23:09', '2022-08-17 21:23:09'),
(43, 47, 2, '2022-08-17 21:23:09', '2022-08-17 21:23:09'),
(44, 51, 1, '2022-08-17 21:23:09', '2022-08-17 21:23:09'),
(45, 49, 2, '2022-08-17 21:23:09', '2022-08-17 21:23:09'),
(46, 21, 3, '2022-08-17 21:23:09', '2022-08-17 21:23:09'),
(47, 7, 2, '2022-08-17 21:23:09', '2022-08-17 21:23:09'),
(48, 21, 3, '2022-08-17 21:23:09', '2022-08-17 21:23:09'),
(49, 55, 3, '2022-08-17 21:23:09', '2022-08-17 21:23:09'),
(50, 51, 1, '2022-08-17 21:23:09', '2022-08-17 21:23:09'),
(51, 16, 1, NULL, NULL),
(52, 16, 1, '2022-08-20 10:18:36', NULL);

-- --------------------------------------------------------

--
-- Cấu trúc bảng cho bảng `jobtypes`
--

CREATE TABLE `jobtypes` (
  `id` int(10) UNSIGNED NOT NULL,
  `job_type` varchar(255) COLLATE utf8mb4_unicode_ci NOT NULL,
  `created_at` timestamp NULL DEFAULT NULL,
  `updated_at` timestamp NULL DEFAULT NULL
) ENGINE=InnoDB DEFAULT CHARSET=utf8mb4 COLLATE=utf8mb4_unicode_ci;

--
-- Đang đổ dữ liệu cho bảng `jobtypes`
--

INSERT INTO `jobtypes` (`id`, `job_type`, `created_at`, `updated_at`) VALUES
(1, 'Full-time', NULL, NULL),
(2, 'Part-time', NULL, NULL),
(3, 'All', NULL, NULL);

-- --------------------------------------------------------

--
-- Cấu trúc bảng cho bảng `migrations`
--

CREATE TABLE `migrations` (
  `id` int(10) UNSIGNED NOT NULL,
  `migration` varchar(255) COLLATE utf8mb4_unicode_ci NOT NULL,
  `batch` int(11) NOT NULL
) ENGINE=InnoDB DEFAULT CHARSET=utf8mb4 COLLATE=utf8mb4_unicode_ci;

--
-- Đang đổ dữ liệu cho bảng `migrations`
--

INSERT INTO `migrations` (`id`, `migration`, `batch`) VALUES
(1, '2019_12_14_000001_create_personal_access_tokens_table', 1),
(2, '2022_07_26_082042_create__users-table', 1),
(3, '2022_07_26_082045_create_job_type-table', 1),
(4, '2022_07_26_082047_create_jobs-table', 1),
(5, '2022_07_26_082150_create_job_detail-table', 1),
(6, '2022_07_26_082403_create__applicants-table', 1);

-- --------------------------------------------------------

--
-- Cấu trúc bảng cho bảng `personal_access_tokens`
--

CREATE TABLE `personal_access_tokens` (
  `id` bigint(20) UNSIGNED NOT NULL,
  `tokenable_type` varchar(255) COLLATE utf8mb4_unicode_ci NOT NULL,
  `tokenable_id` bigint(20) UNSIGNED NOT NULL,
  `name` varchar(255) COLLATE utf8mb4_unicode_ci NOT NULL,
  `token` varchar(64) COLLATE utf8mb4_unicode_ci NOT NULL,
  `abilities` text COLLATE utf8mb4_unicode_ci DEFAULT NULL,
  `last_used_at` timestamp NULL DEFAULT NULL,
  `created_at` timestamp NULL DEFAULT NULL,
  `updated_at` timestamp NULL DEFAULT NULL
) ENGINE=InnoDB DEFAULT CHARSET=utf8mb4 COLLATE=utf8mb4_unicode_ci;

-- --------------------------------------------------------

--
-- Cấu trúc bảng cho bảng `users`
--

CREATE TABLE `users` (
  `id` int(10) UNSIGNED NOT NULL,
  `email` varchar(255) COLLATE utf8mb4_unicode_ci NOT NULL,
  `password` varchar(255) COLLATE utf8mb4_unicode_ci NOT NULL,
  `name` varchar(255) COLLATE utf8mb4_unicode_ci DEFAULT NULL,
  `gender` enum('male','female') COLLATE utf8mb4_unicode_ci DEFAULT NULL,
  `dateOfBirth` date DEFAULT NULL,
  `phone` varchar(30) COLLATE utf8mb4_unicode_ci DEFAULT NULL,
  `level` varchar(255) COLLATE utf8mb4_unicode_ci DEFAULT NULL,
  `image` varchar(1000) COLLATE utf8mb4_unicode_ci DEFAULT 'https://static.vecteezy.com/system/resources/thumbnails/004/511/281/small/default-avatar-photo-placeholder-profile-picture-vector.jpg',
  `description` varchar(1000) COLLATE utf8mb4_unicode_ci DEFAULT NULL,
  `address` varchar(255) COLLATE utf8mb4_unicode_ci DEFAULT NULL,
  `status` enum('active','inactive') COLLATE utf8mb4_unicode_ci DEFAULT 'active',
  `role` enum('student','company','admin') COLLATE utf8mb4_unicode_ci DEFAULT NULL,
  `created_at` timestamp NULL DEFAULT NULL,
  `updated_at` timestamp NULL DEFAULT NULL
) ENGINE=InnoDB DEFAULT CHARSET=utf8mb4 COLLATE=utf8mb4_unicode_ci;

--
-- Đang đổ dữ liệu cho bảng `users`
--

INSERT INTO `users` (`id`, `email`, `password`, `name`, `gender`, `dateOfBirth`, `phone`, `level`, `image`, `description`, `address`, `status`, `role`, `created_at`, `updated_at`) VALUES
(2, 'jerry.johnson@gmail.com', '$2y$10$dLqS6B83v7YpOZFB5CrNwO.pxfKd0i1EVcRVzMa9RC/Qu8TM1.4nS', 'Ms. Aimee Quigley', 'male', '2010-02-11', '+1-954-218-1226', 'third-year student', 'https://via.placeholder.com/640x480.png/00cc33?text=avatar+deserunt', 'Et at alias consectetur et ducimus rerum. Numquam est asperiores cumque magni alias. Sunt porro minima sed ullam laudantium.', '69965 Emmerich Flats Suite 212\nWillmsville, NV 50327', 'active', 'student', '2022-08-17 21:23:08', '2022-08-17 21:23:08'),
(3, 'thansen@mueller.biz', '$2y$10$c.Faa8Ctf6o.33NdP0GoHeoPm4ejY58E.qGSWEj2wHPou51Evwt.i', 'Cierra Moore', 'male', '1986-09-17', '+1.551.357.5218', 'third-year student', 'https://itviec.com/rails/active_storage/representations/proxy/eyJfcmFpbHMiOnsibWVzc2FnZSI6IkJBaHBBMXgzRXc9PSIsImV4cCI6bnVsbCwicHVyIjoiYmxvYl9pZCJ9fQ==--9747b4e82941b47df75157048a404fc195fd1a40/eyJfcmFpbHMiOnsibWVzc2FnZSI6IkJBaDdCem9MWm05eWJXRjBPZ2wzWldKd09oSnlaWE5wZW1WZmRHOWZabWwwV3dkcEFhb3ciLCJleHAiOm51bGwsInB1ciI6InZhcmlhdGlvbiJ9fQ==--a364054a300021d6ece7f71365132a9777e89a21/logo.jpg', 'Ut ratione blanditiis ut impedit tempore a aut. Labore commodi possimus aliquid aliquid et. Sint porro error sit quia voluptatem et. Voluptas quo excepturi quia voluptate quisquam minima et id.', '56928 Deon Alley\nWest Virginiemouth, WA 14698-9138', 'inactive', 'company', '2022-08-17 21:23:08', '2022-08-17 21:23:08'),
(4, 'hfeest@douglas.com', '$2y$10$WajyK6aedVD5Nc1/vVpAF./NOf68p5fStzFQhw.iE3MyM5WOles8e', 'Ms. Jaclyn Dach PhD', 'male', '1971-08-10', '1-706-698-1212', 'second-year student', 'https://via.placeholder.com/640x480.png/00ff88?text=avatar+blanditiis', 'Quos delectus omnis nisi voluptatibus corrupti. Necessitatibus architecto ut autem quibusdam maxime qui. Culpa esse amet tempora dolores ut et ea amet. Rerum non quasi sed tempora eius nam.', '4716 Kunde Knolls\nSouth Tre, WI 53173', 'inactive', 'student', '2022-08-17 21:23:08', '2022-08-17 21:23:08'),
(5, 'metz.jeanette@hotmail.com', '$2y$10$stXbpVNBKaYYnPJYmFrUV.2ku56xdKc.DBcIQgtf/d8bC5E.cFUX2', 'Prof. Nico Kris V', 'male', '1982-12-30', '915.855.8859', 'second-year student', 'https://via.placeholder.com/640x480.png/00bbee?text=avatar+dolorem', 'Dolore quaerat voluptatum ad voluptatem qui quidem quia. Aut laborum ea quas sed. Occaecati odio aut dolores.', '2668 Borer Village\nLake Nella, SD 43861-3296', 'active', 'student', '2022-08-17 21:23:08', '2022-08-17 21:23:08'),
(6, 'joel.cole@ward.com', '$2y$10$ood3MGWY6RfNfzww4CFNIuqjQ7xvMJ8C.DiY.cNXLf2HFC2xV/hPW', 'Mariana Torphy', 'female', '2002-01-16', '+1 (484) 946-4793', 'second-year student', 'https://itviec.com/rails/active_storage/representations/proxy/eyJfcmFpbHMiOnsibWVzc2FnZSI6IkJBaHBBK1lxREE9PSIsImV4cCI6bnVsbCwicHVyIjoiYmxvYl9pZCJ9fQ==--6163801645eb4792d6534169042826e45cbf6b51/eyJfcmFpbHMiOnsibWVzc2FnZSI6IkJBaDdCem9MWm05eWJXRjBPZ2wzWldKd09oSnlaWE5wZW1WZmRHOWZabWwwV3dkcEFhb3ciLCJleHAiOm51bGwsInB1ciI6InZhcmlhdGlvbiJ9fQ==--a364054a300021d6ece7f71365132a9777e89a21/mgm-technology-partners-vietnam-logo.png', 'Explicabo iste reprehenderit expedita totam sint quas. Animi excepturi eos ut.', '982 Willms Centers Suite 087\nEichmannstad, DE 91788-9235', 'inactive', 'company', '2022-08-17 21:23:08', '2022-08-17 21:23:08'),
(7, 'jalen.wunsch@gmail.com', '$2y$10$0ohvIR7Rs8bswQCOBSOqH.stn5rIb.bK8HodvEdnoHnPtWmcSkAGG', 'Alice Herman', 'male', '1971-06-04', '463-804-5584', 'third-year student', 'https://itviec.com/rails/active_storage/representations/proxy/eyJfcmFpbHMiOnsibWVzc2FnZSI6IkJBaHBBOEJwSFE9PSIsImV4cCI6bnVsbCwicHVyIjoiYmxvYl9pZCJ9fQ==--61bb4901a74cef186408525de025b905e8ecf1ea/eyJfcmFpbHMiOnsibWVzc2FnZSI6IkJBaDdCem9MWm05eWJXRjBPZ2wzWldKd09oSnlaWE5wZW1WZmRHOWZabWwwV3dkcEFhb3ciLCJleHAiOm51bGwsInB1ciI6InZhcmlhdGlvbiJ9fQ==--a364054a300021d6ece7f71365132a9777e89a21/logo%20FSOFT%20d%E1%BB%8Dc.png', 'Fugiat vero id perspiciatis. Voluptatum doloremque est laborum aut quas. Et et reiciendis sed et aut voluptatem. Ea enim sunt consequatur cupiditate distinctio sunt.', '33495 Wilderman Locks\nDorothyview, KY 51346', 'active', 'company', '2022-08-17 21:23:08', '2022-08-17 21:23:08'),
(8, 'kuphal.sheila@collins.com', '$2y$10$V4jLi3je9l4sTM4IL2Vs8e1V9Yvgsgj7rXGTJ8EGwt5tNSFC5qvxO', 'Haven Pollich', 'male', '2020-11-23', '+1.585.215.1854', 'third-year student', 'https://via.placeholder.com/640x480.png/0044bb?text=avatar+veniam', 'Tempora ipsum et sit deserunt. Exercitationem error dicta et. Sapiente amet est et.', '21147 Ramona Underpass Suite 105\nPort Kaileyside, CO 69913-6234', 'inactive', 'student', '2022-08-17 21:23:08', '2022-08-17 21:23:08'),
(9, 'verlie.renner@homenick.com', '$2y$10$v3dlvdTMK3c6yt1y7VwsYuRzyuUj0NzCmETrilekQKbpzTpI.nPYm', 'Carrie Halvorson', 'female', '2005-03-21', '+1 (540) 774-2662', 'second-year student', 'https://itviec.com/rails/active_storage/representations/proxy/eyJfcmFpbHMiOnsibWVzc2FnZSI6IkJBaHBBOVVIRFE9PSIsImV4cCI6bnVsbCwicHVyIjoiYmxvYl9pZCJ9fQ==--9d351bcd040296ef5ce833fba08705f0aa7c360a/eyJfcmFpbHMiOnsibWVzc2FnZSI6IkJBaDdCem9MWm05eWJXRjBPZ2wzWldKd09oSnlaWE5wZW1WZmRHOWZabWwwV3dkcEFhb3ciLCJleHAiOm51bGwsInB1ciI6InZhcmlhdGlvbiJ9fQ==--a364054a300021d6ece7f71365132a9777e89a21/money-forward-vi-t-nam-logo.png', 'Perspiciatis nesciunt architecto quas a. Velit illum est natus aut earum. Reiciendis inventore aut quia occaecati aut. Dignissimos unde impedit ut voluptatem eveniet et.', '137 Faye Radial Suite 579\nEwaldmouth, MT 27597-5602', 'inactive', 'company', '2022-08-17 21:23:08', '2022-08-17 21:23:08'),
(10, 'muriel17@hotmail.com', '$2y$10$iXeO/VIZzY1.XTFvMsV4JenaXiHoo6tOIvCgS2lUsVGMwgBg2iGh6', 'Jennifer Koepp', 'male', '2019-11-18', '(415) 718-2481', 'second-year student', 'https://via.placeholder.com/640x480.png/0044aa?text=avatar+qui', 'Esse corporis eos quis. Enim itaque saepe eius quis. Modi sed alias et laborum saepe quis.', '886 Amos Inlet Apt. 046\nNew Warren, UT 34944', 'active', 'student', '2022-08-17 21:23:08', '2022-08-17 21:23:08'),
(11, 'tremblay.katlyn@huel.com', '$2y$10$ShcwXdXPSctkbFhHme.84OjvSk0WqDFA9tGMax/BHFwiZX3xL47wK', 'Skye Goyette', 'male', '1984-05-25', '310-600-6967', 'third-year student', 'https://via.placeholder.com/640x480.png/009999?text=avatar+distinctio', 'Aut consequatur sint libero ea similique eius. Rem a rem commodi. Officiis dolor ex nobis. Molestiae eos eos non consequatur autem aliquam corrupti molestiae.', '4186 Adrain Mission Apt. 311\nLake Stanchester, OK 25868', 'active', 'admin', '2022-08-17 21:23:08', '2022-08-17 21:23:08'),
(12, 'hkunde@gmail.com', '$2y$10$fNj73n5HJUmJ.fRBvyo3g.Nagv7hAlhUxk7XZcyJGt14k3bHxy8CC', 'Kara Torp', 'male', '2011-05-30', '(225) 467-4554', 'third-year student', 'https://via.placeholder.com/640x480.png/003322?text=avatar+commodi', 'Voluptatum et voluptatem quod at non ipsam. Soluta quaerat voluptas libero incidunt. Et dicta perferendis dolores laborum dolore voluptas. A corporis blanditiis aut.', '3120 Little Cove\nNorth Elton, PA 91048', 'inactive', 'admin', '2022-08-17 21:23:08', '2022-08-17 21:23:08'),
(13, 'yolanda.stehr@yahoo.com', '$2y$10$jQHzXmP.kVVNTbfMfwEs1.hhq37AqpXeEIL4Db2XI9p4uReNBYrc.', 'Kiara Mayert MD', 'female', '1971-03-17', '+14424582928', 'second-year student', 'https://via.placeholder.com/640x480.png/007799?text=avatar+ut', 'Deleniti laudantium et porro et. Laudantium laboriosam accusamus aperiam cumque dicta. Quasi omnis cupiditate consequatur dolores itaque voluptatum.', '4342 Lemke River\nKundeland, OK 02438-6875', 'inactive', 'admin', '2022-08-17 21:23:08', '2022-08-17 21:23:08'),
(14, 'kaelyn91@yahoo.com', '$2y$10$T/E69cwBQb7Kgo3Cqd1k1..XXegCIotWkOZG.orKgnCNtUkF8w1NG', 'Emilia Heidenreich', 'male', '1994-06-28', '580.614.8112', 'second-year student', 'https://via.placeholder.com/640x480.png/003399?text=avatar+labore', 'Minima incidunt voluptatibus consequatur quo. Cumque nam dolorem magnam sequi vel nobis. Velit voluptas omnis culpa suscipit natus vel fugiat.', '9378 Williamson Streets\nMarisolfurt, GA 21555-5532', 'inactive', 'student', '2022-08-17 21:23:08', '2022-08-17 21:23:08'),
(15, 'micheal96@hartmann.com', '$2y$10$6tzuO/2RDuRyrL8/p3NdsuRSYZHuW.8uZtbeWitDBw8BDI4f4iCMq', 'Dr. Claude Durgan', 'male', '1999-04-28', '361.481.4302', 'third-year student', 'https://via.placeholder.com/640x480.png/0055cc?text=avatar+quis', 'Voluptatem consectetur ipsam sed eius at expedita. Rerum minima reprehenderit totam qui voluptas. Ut porro inventore blanditiis.', '2784 Rosemary Prairie\nWest Reilly, MT 59111-3577', 'active', 'admin', '2022-08-17 21:23:08', '2022-08-17 21:23:08'),
(16, 'uyen@gmail.com', '$2y$10$YL007bmxUBkCmCYI/mDuX.1VMBPHVMNeXyMh75f71FhF/j.perot2', 'ZinhUyen company', NULL, NULL, '01112055488', NULL, 'https://itviec.com/rails/active_storage/representations/proxy/eyJfcmFpbHMiOnsibWVzc2FnZSI6IkJBaHBBNXNwREE9PSIsImV4cCI6bnVsbCwicHVyIjoiYmxvYl9pZCJ9fQ==--fac9aba4b65d9d9f94a7abebb9e4921cc1515885/eyJfcmFpbHMiOnsibWVzc2FnZSI6IkJBaDdCem9MWm05eWJXRjBPZ2wzWldKd09oSnlaWE5wZW1WZmRHOWZabWwwV3dkcEFhb3ciLCJleHAiOm51bGwsInB1ciI6InZhcmlhdGlvbiJ9fQ==--a364054a300021d6ece7f71365132a9777e89a21/allgrowlabo-co-ltd-logo.png', 'Go1 is on a mission to unlock positive potential through a love of learning. The Go1 platform makes learning easy with thousands of courses in one simple solution. ', '271 Nguyễn Trọng Tuyển, Phường 10, Ho Chi Minh', 'active', 'company', '2022-08-17 21:25:34', '2022-08-17 21:25:34'),
(17, 'wilderman.orpha@kassulke.com', '$2y$10$.mF25ruf/a86RhYwLbkVg.loUobYa/46m98xfdk7nF45aiRHUuKOq', 'Marjolaine Parker', 'female', '1988-08-13', '470.310.5559', 'third-year student', 'https://via.placeholder.com/640x480.png/00cc44?text=avatar+culpa', 'Nemo voluptates officiis et officiis dolores natus totam. Quo nostrum enim sapiente nostrum facilis rerum. Delectus accusamus aut dicta ducimus.', '7423 Schiller Place Suite 865\nNorth Bessiehaven, CA 45145', 'inactive', 'student', '2022-08-17 21:23:08', '2022-08-17 21:23:08'),
(18, 'kyost@hotmail.com', '$2y$10$Dnvp6TEw7xV9r6hbTxLnLOVTwEb2AUovzjMgsTvS/BX4EIkIXmkl.', 'Wilfrid Ankunding DDS', 'male', '1994-01-31', '+1-217-726-6223', 'second-year student', 'https://via.placeholder.com/640x480.png/001122?text=avatar+aperiam', 'Unde quo optio molestiae est deserunt consequatur explicabo. Assumenda quidem est voluptatem praesentium expedita ducimus nisi qui. At qui officiis iure eaque aut.', '25353 Maye Roads Suite 313\nMarquisberg, OR 75089-6412', 'inactive', 'student', '2022-08-17 21:23:08', '2022-08-17 21:23:08'),
(19, 'simonis.gage@yahoo.com', '$2y$10$pi802q6T/5FNOLqaMtAY2e9WAG.lWU/bNavcV/k1EqVKeyrx6eymC', 'Lenora Jakubowski', 'female', '1970-10-05', '+15154300429', 'third-year student', 'https://via.placeholder.com/640x480.png/0011bb?text=avatar+voluptatem', 'Dicta et molestias tempore ea quis. Placeat omnis ea qui aut. Vel est veritatis ut. Et fuga rerum ab incidunt beatae.', '2234 Stark Pike Apt. 859\nEast Wendychester, GA 04533-6812', 'inactive', 'admin', '2022-08-17 21:23:08', '2022-08-17 21:23:08'),
(20, 'cgleason@ward.com', '$2y$10$Xt1Hwx9xwMPBXyy7e3wAHuvOY0k3gJ0LTbLYH0RpWQl4yHmCRhOPe', 'Brycen O\'Hara PhD', 'female', '1989-07-06', '+1 (231) 361-4866', 'third-year student', 'https://via.placeholder.com/640x480.png/002255?text=avatar+mollitia', 'Voluptatem rerum earum soluta et. Aliquam unde sequi explicabo enim. Doloribus a deleniti error est velit dolorem. Quia et ullam eveniet et optio.', '4144 Elody Land Suite 014\nVelmahaven, PA 87483-1389', 'inactive', 'admin', '2022-08-17 21:23:08', '2022-08-17 21:23:08'),
(21, 'tillman.laurianne@harvey.com', '$2y$10$FkK3eWWn4/cFk2kNTAYe4uLbWEaX37iQ4WlJnjzOXdHP1GPnzT5M.', 'Brando Gottlieb III', 'female', '2012-03-16', '(430) 733-5049', 'third-year student', 'https://via.placeholder.com/640x480.png/001199?text=avatar+qui', 'Autem qui consectetur cupiditate est facere. Adipisci sit et quis et. Sed est vero qui molestiae quidem sunt qui. Excepturi placeat a voluptate.', '81704 Hailie Corner\nMonahantown, WA 59003', 'active', 'company', '2022-08-17 21:23:08', '2022-08-17 21:23:08'),
(22, 'jane.anderson@yahoo.com', '$2y$10$.c1CzqWD0S2jQPdb2tz5u.YYskvll/0kHenwh/iuEDkGg9aEQH5q.', 'Alda Dare', 'male', '2018-06-04', '279-831-1767', 'third-year student', 'https://via.placeholder.com/640x480.png/00ddff?text=avatar+fugiat', 'Voluptatem in cum eos quas quas corrupti. Repellat consequatur ut sit sunt molestiae incidunt.', '552 Buddy Prairie\nLake Malachiport, IN 84915', 'inactive', 'admin', '2022-08-17 21:23:08', '2022-08-17 21:23:08'),
(23, 'estefania.rodriguez@rau.org', '$2y$10$hnh8SBRQGze5cT5PiG2hGeYgSngNVGhbRBVdSAXb4RO/FMth/ubxa', 'Linnie Sporer PhD', 'female', '1991-06-23', '+15592751373', 'second-year student', 'https://via.placeholder.com/640x480.png/00aa11?text=avatar+unde', 'Quos omnis consectetur recusandae ut ut rerum. Est facilis aut fugiat odio. Aut quisquam sit dolorum doloribus pariatur fuga.', '5592 Garfield Garden\nAngelchester, RI 60916-8782', 'inactive', 'admin', '2022-08-17 21:23:08', '2022-08-17 21:23:08'),
(24, 'vfunk@boehm.com', '$2y$10$WolyEpP.vgr9viYAkKpIrOMX0JLEMt1gDggjssUEtRHioXOKxYs5i', 'Prof. Milford O\'Conner V', 'female', '1982-10-28', '+1.435.772.0016', 'second-year student', 'https://via.placeholder.com/640x480.png/007766?text=avatar+quisquam', 'A ipsum illum ullam accusamus. Sequi voluptas nesciunt natus repellendus.', '9865 Rolfson Isle\nLibbymouth, NM 90934', 'inactive', 'admin', '2022-08-17 21:23:08', '2022-08-17 21:23:08'),
(25, 'erobel@yahoo.com', '$2y$10$HQuryo90rbbUTQoidGSW0OVHRbizDhyxgy8ROmy1xcKCvrw/3G9Oe', 'Dawson Heidenreich', 'female', '1990-04-10', '806-735-5836', 'third-year student', 'https://via.placeholder.com/640x480.png/00aa77?text=avatar+non', 'Ducimus fugit laborum occaecati consequuntur veniam quia quisquam. Aut sunt ab iusto neque quidem culpa ea et. Molestiae sit sunt aut est qui quaerat iusto.', '48250 Zulauf Forest\nJewelton, NM 92372-4139', 'active', 'company', '2022-08-17 21:23:08', '2022-08-17 21:23:08'),
(26, 'marcella31@roberts.info', '$2y$10$lmg23KpV6Bq0nK5uuTntnu6sORXiF7vN3DjgIwQcRXFx1ZXZOo.L6', 'Beaulah Gleason', 'male', '1997-11-22', '541.354.6470', 'second-year student', 'https://via.placeholder.com/640x480.png/0099cc?text=avatar+adipisci', 'Architecto minus quaerat deserunt qui unde. In dicta sed nisi inventore. Beatae incidunt id quo sit dolor dolorum. Enim nulla aspernatur facilis asperiores delectus.', '98743 Kailey Glens\nEast Hassie, AK 87593-2582', 'active', 'student', '2022-08-17 21:23:08', '2022-08-17 21:23:08'),
(27, 'schroeder.reyna@treutel.com', '$2y$10$wTeIyE7bObNOJP7erRGrlu6C2IS78UITaE9.kdF1BLmxA92ZlHiDq', 'Zoe Williamson', 'male', '1983-01-13', '1-903-604-4186', 'second-year student', 'https://via.placeholder.com/640x480.png/00ddcc?text=avatar+consequuntur', 'Est qui est vitae consequuntur in sequi sint. Recusandae non qui eos explicabo omnis. Cum maxime ut assumenda omnis sed.', '607 Elfrieda Dale\nWandastad, WI 86221', 'inactive', 'student', '2022-08-17 21:23:08', '2022-08-17 21:23:08'),
(28, 'marks.alexys@yahoo.com', '$2y$10$wDaUySMapYzpOfLZlJ7VN.u54uy.z/j60BmRVRGY3OoB4Rc16b11a', 'Kirk Okuneva Sr.', 'male', '2008-03-15', '1-283-457-6238', 'third-year student', 'https://via.placeholder.com/640x480.png/00ffbb?text=avatar+corporis', 'Est dignissimos nemo ducimus quia. Placeat ut voluptatibus quod similique non incidunt. Eaque repudiandae magni soluta deserunt dignissimos unde atque.', '19063 Caterina Junctions Suite 206\nPort Annamariehaven, WV 29672-6811', 'inactive', 'company', '2022-08-17 21:23:08', '2022-08-17 21:23:08'),
(29, 'gmertz@hotmail.com', '$2y$10$2fqkutYPkmIc60nvRP1EkOzXLAmV46V/0aR3QXXJZjoIE4YOKexye', 'Prof. Jerome Ryan', 'male', '1978-11-21', '+1 (769) 505-1806', 'second-year student', 'https://via.placeholder.com/640x480.png/000022?text=avatar+sunt', 'Consequatur totam laboriosam nihil labore vel. Quis voluptas soluta odio aut error quod nemo. Voluptatem deleniti repellat pariatur corporis qui.', '8126 Aliza Fall Apt. 034\nDonnellystad, NM 11930', 'inactive', 'admin', '2022-08-17 21:23:08', '2022-08-17 21:23:08'),
(30, 'schmeler.lea@yahoo.com', '$2y$10$NiiSGstGWKjFpv96omlVdOrf9X4jQ1nYy2yIPrp8qnntd8bC7wDUO', 'Yesenia Kihn', 'male', '1994-01-18', '+1-740-261-8032', 'second-year student', 'https://via.placeholder.com/640x480.png/001166?text=avatar+praesentium', 'Non velit ducimus voluptatem repellat provident eaque enim. Beatae dolores modi aperiam. Labore nisi suscipit incidunt. Explicabo iusto similique doloremque voluptatibus.', '9521 Vance Parkway Suite 160\nMorarport, MN 04648', 'inactive', 'admin', '2022-08-17 21:23:08', '2022-08-17 21:23:08'),
(31, 'grutherford@yahoo.com', '$2y$10$8HWr.BtG8HI4bGiB3aIvSuH5.P/UhGk8DyQK7teCvzqVliaYvRAsS', 'Mr. Al Rutherford', 'female', '1991-07-11', '(740) 233-5328', 'second-year student', 'https://via.placeholder.com/640x480.png/0077ee?text=avatar+culpa', 'Et rerum est corrupti dolores sint et et. Praesentium dolor deserunt odio dolores.', '5612 Minerva Circles\nSchroedertown, HI 95955-2901', 'inactive', 'student', '2022-08-17 21:23:08', '2022-08-17 21:23:08'),
(32, 'eokon@hotmail.com', '$2y$10$U7m3KmHGibs8//00xudvpu9MECj.zFLKrhz8gMbKoHrk6Z8DsFx2a', 'Mrs. Pansy Effertz DVM', 'male', '1979-10-31', '(520) 665-8294', 'third-year student', 'https://via.placeholder.com/640x480.png/008811?text=avatar+et', 'Maxime omnis sed aut porro rerum et. Id et minus ullam mollitia porro minima culpa. Laboriosam qui et et perferendis.', '17796 Fritsch Bridge Apt. 541\nEast Anthony, MO 39617-3550', 'active', 'admin', '2022-08-17 21:23:08', '2022-08-17 21:23:08'),
(33, 'bergstrom.mireya@ferry.com', '$2y$10$pEdwYCqK782qcuPMt5bft.Dke18z4Dr/0.xw70iIddanMHtSkpYtq', 'Mr. Fernando Goyette', 'female', '1993-06-19', '959.837.6498', 'second-year student', 'https://via.placeholder.com/640x480.png/008800?text=avatar+enim', 'Provident ipsam adipisci adipisci accusamus non est. Vero inventore dolore veniam nihil dignissimos aut quod. Amet et eum saepe ducimus porro sed odit dolores.', '97742 Fahey Avenue Suite 705\nSouth Blaise, VA 63983', 'active', 'admin', '2022-08-17 21:23:08', '2022-08-17 21:23:08'),
(34, 'ustoltenberg@pacocha.net', '$2y$10$VWEWX0jeSo4cxBklMtm1.uvCs6mLgmw23MdxTocdIV91HEqB6XyGS', 'Ms. Princess Bailey', 'female', '2001-07-16', '(260) 465-0265', 'second-year student', 'https://via.placeholder.com/640x480.png/001188?text=avatar+totam', 'Voluptates et magni sequi. Quod voluptatem corporis iusto. Enim et reiciendis et voluptatem pariatur.', '86311 Graham Circles\nNorth Kayden, MN 88897', 'active', 'admin', '2022-08-17 21:23:08', '2022-08-17 21:23:08'),
(35, 'rowe.bethany@leuschke.com', '$2y$10$2WKuAMuYvlZWPSlFy7pCbe7tbq8fuG4z0nMhQMjk36/vwuKw15/6G', 'Mrs. Eulah Schimmel III', 'female', '2021-07-18', '701-903-3334', 'third-year student', 'https://via.placeholder.com/640x480.png/0066aa?text=avatar+eaque', 'Qui doloribus asperiores explicabo consectetur facilis. Reiciendis omnis ab dolor sapiente deserunt hic veniam. Vel iure sunt inventore perspiciatis quo velit rem.', '108 Llewellyn Tunnel\nNorth Shannonburgh, WA 86946-9989', 'inactive', 'student', '2022-08-17 21:23:08', '2022-08-17 21:23:08'),
(36, 'kurtis67@hotmail.com', '$2y$10$BtfCONe5pmqABDJfbJKE2.ocRfZl8FiVGs82NHaHiV6PmdXCj28um', 'Casandra Medhurst', 'female', '2004-04-04', '608-922-7497', 'second-year student', 'https://via.placeholder.com/640x480.png/0011bb?text=avatar+doloremque', 'Accusantium ex distinctio praesentium nostrum. Veritatis illum et laboriosam. Aliquam amet libero ratione voluptatum numquam eum ea eos. Sit rerum incidunt et.', '164 Foster Vista Apt. 666\nPearlineton, MS 74109', 'active', 'student', '2022-08-17 21:23:08', '2022-08-17 21:23:08'),
(37, 'enos70@howe.biz', '$2y$10$G9LyCOTrwPQIi38K1s.amOdR6WbWj4stU6teu7xlNMa8LQTDxr7MS', 'Lawson Hammes', 'male', '1986-10-28', '364.720.4048', 'third-year student', 'https://via.placeholder.com/640x480.png/00ff99?text=avatar+natus', 'Rerum cumque esse eos et. Enim temporibus tenetur maxime vitae libero veritatis. Quia voluptas sit corrupti. Molestiae distinctio fugiat eveniet ut.', '49632 Kirlin Trace Suite 387\nBatzchester, NV 12922', 'active', 'admin', '2022-08-17 21:23:08', '2022-08-17 21:23:08'),
(38, 'smith.wayne@berge.org', '$2y$10$N6s1rwGJZF1A4fabBoSC9OYZTa7BjtNu9PZP1YzJK8m/yYEVP8SU2', 'Ryann Lakin DVM', 'male', '2004-03-10', '217.419.1707', 'third-year student', 'https://via.placeholder.com/640x480.png/006644?text=avatar+dolorem', 'Amet velit modi nobis et odit. Nesciunt veritatis eaque enim sunt et fugit magnam. Tempora ut ex omnis ut atque quam veniam. Nisi quaerat id ratione eaque incidunt iste nobis.', '51148 Quinten Islands Suite 897\nWest Eldaport, WI 06997', 'inactive', 'student', '2022-08-17 21:23:08', '2022-08-17 21:23:08'),
(39, 'shaun.russel@king.org', '$2y$10$UaQ5kmFr44YpYeAwtswD3uuEG6Qaj.3eK/exlGLXK450PjIQ3MAL.', 'Frederick Harvey', 'male', '1983-02-17', '702-983-8275', 'third-year student', 'https://via.placeholder.com/640x480.png/0077cc?text=avatar+eos', 'Porro impedit dolores velit numquam sed eos. Eaque ut magnam rerum ea. Quisquam a atque nihil maxime reprehenderit. Repellat esse et nam deleniti.', '756 Zander Corners Suite 341\nHermistonmouth, CA 28168-7000', 'inactive', 'admin', '2022-08-17 21:23:08', '2022-08-17 21:23:08'),
(40, 'lois37@yahoo.com', '$2y$10$Wwfk8OZW2XoIyuW7Mu/jAeq.RL34.U8t27XG6cC5pYYXizcGwWpaS', 'Matt Turner Jr.', 'male', '1996-12-15', '+14344402350', 'second-year student', 'https://via.placeholder.com/640x480.png/0088ee?text=avatar+saepe', 'Quisquam magnam nesciunt et voluptates. Nam modi enim neque laboriosam quia ut. Laborum qui asperiores cum eum autem blanditiis.', '808 Reba Walks\nAbbottberg, PA 55779', 'inactive', 'student', '2022-08-17 21:23:08', '2022-08-17 21:23:08'),
(41, 'wolf.audreanne@vonrueden.com', '$2y$10$9GAvlUdFshQ.t4y1rjMiHOEu1Sa38FTFJ0lN/zDqFMqtAxOAahzHm', 'Dr. Lillie Johnson', 'female', '1982-08-22', '425.239.5068', 'second-year student', 'https://via.placeholder.com/640x480.png/00ccdd?text=avatar+vero', 'Animi dolores consequatur dolorem sunt. Est at et recusandae expedita. Dolor mollitia voluptatem commodi vitae est. Eaque eos iusto voluptas qui.', '1284 Zora Squares Suite 794\nUbaldoland, MI 15590-7622', 'inactive', 'company', '2022-08-17 21:23:08', '2022-08-17 21:23:08'),
(43, 'macejkovic.hans@hotmail.com', '$2y$10$xsLZV8JONDd4UpT2Pd2SC.XLnB8csDWFs.BP3/BZdm3f02kdc.RFC', 'Shanon Okuneva MD', 'male', '1991-06-11', '+1 (610) 881-8673', 'second-year student', 'https://via.placeholder.com/640x480.png/00aaee?text=avatar+sint', 'Commodi nam dolorem et sunt voluptatibus. Repellat id rerum et veniam porro illo. Non incidunt occaecati cupiditate est ut.', '6365 Odie Groves Apt. 317\nRobelside, NY 57676', 'inactive', 'company', '2022-08-17 21:23:08', '2022-08-17 21:23:08'),
(44, 'tdonnelly@volkman.net', '$2y$10$QsbKzorHTit0XceLGCeoveupPDxpnKQIypRM2qoAiOiP8AIIHGG4C', 'Mr. Wyman Kiehn IV', 'male', '2019-04-05', '+13347260986', 'third-year student', 'https://via.placeholder.com/640x480.png/00cc66?text=avatar+quae', 'Sed omnis aspernatur ut enim sint fugiat dolor. Est ea id sint at est aliquid.', '232 Deckow Route Suite 159\nPort Joany, IL 71855-5501', 'inactive', 'company', '2022-08-17 21:23:08', '2022-08-17 21:23:08'),
(45, 'turner.roberto@yahoo.com', '$2y$10$3e/Gan/UGVFYrdRIzsPcDeURN1fQVizcpVRsi0pJIQn/vrzcj2b6q', 'Jazmyne Block', 'female', '1990-04-16', '+1.580.953.4112', 'second-year student', 'https://via.placeholder.com/640x480.png/0011dd?text=avatar+tempore', 'Itaque nemo deleniti fugiat qui aperiam. In ab aspernatur vel quam. Sit impedit autem aut. Non ab perferendis est eveniet corporis amet voluptate sit. Praesentium aut quod et dolore aut dolor.', '86587 Wolff Station Suite 613\nNew Reymundoburgh, WV 95055', 'active', 'admin', '2022-08-17 21:23:08', '2022-08-17 21:23:08'),
(46, 'ellis23@okon.net', '$2y$10$djTQLTX4lGkX0Os9EaVWfuy8VEHBcoXnDeYZOmqvq0Q6WuROnQIgq', 'Miss Alvina Christiansen', 'female', '1984-04-01', '1-618-478-7522', 'second-year student', 'https://via.placeholder.com/640x480.png/008855?text=avatar+eaque', 'Velit iusto ab a non dicta ipsam. Deleniti sint omnis in possimus laudantium dolores. Facere cupiditate ex fugit totam. Odio quaerat molestiae et qui quia corrupti.', '3775 Friesen Dale Suite 421\nLucindahaven, IA 04833', 'active', 'admin', '2022-08-17 21:23:08', '2022-08-17 21:23:08'),
(47, 'alisa48@gmail.com', '$2y$10$VjmNe2kM.VQGhSIuBIuFnO30HRTriuJGqeXV5r2/Q4gpqrfZ7iYte', 'Nella Kunde', 'male', '2008-02-04', '1-470-916-7036', 'third-year student', 'https://via.placeholder.com/640x480.png/009977?text=avatar+et', 'Doloribus nemo similique quam. Maiores ea aut velit placeat sint et temporibus. Quod dolorem est beatae. Rerum nesciunt est facere delectus quas accusantium ut.', '7957 Retha Drives Suite 631\nWizafurt, MD 00749', 'inactive', 'company', '2022-08-17 21:23:08', '2022-08-17 21:23:08'),
(48, 'rebeka49@blick.biz', '$2y$10$zZo8FWRLT4JttSNEr9S5W.ZfS2bPbjzn1yGN/0vuceFpPhXOX0/gm', 'Alden Conroy III', 'female', '1977-01-08', '(820) 473-9808', 'third-year student', 'https://via.placeholder.com/640x480.png/0077bb?text=avatar+voluptatum', 'Tenetur incidunt esse assumenda est molestiae qui ducimus. Non ipsa facilis qui. Quasi est molestiae officia et nihil accusamus quod. Consequatur quod dolores nulla voluptatum assumenda optio eos.', '91188 Ryleigh Villages\nMckennamouth, WV 11193-1516', 'inactive', 'student', '2022-08-17 21:23:08', '2022-08-17 21:23:08'),
(49, 'gsteuber@windler.com', '$2y$10$//tpYPn1JUBNhmgcoud5BODwpltyhiEQdc0qvauzhw29piINUhPmm', 'Destinee Kerluke', 'female', '1986-09-28', '1-512-803-5692', 'third-year student', 'https://via.placeholder.com/640x480.png/00dd55?text=avatar+sed', 'Dolorem consectetur sequi error mollitia eum. Illum fugit ut iste eaque eius aut eum. Odit distinctio sit iure quaerat similique unde.', '3284 Lenny Glen Suite 438\nPort Amyaville, VT 49988', 'inactive', 'company', '2022-08-17 21:23:08', '2022-08-17 21:23:08'),
(50, 'nasir85@shanahan.com', '$2y$10$3SIK7kRzkl1Wl0IYtCFq2OOp43W.mKJv8WWE8SpfaxFeVOS1wRB6C', 'Kendall Von', 'female', '1984-06-23', '240.435.0588', 'second-year student', 'https://via.placeholder.com/640x480.png/00bb88?text=avatar+blanditiis', 'Hic animi voluptas expedita dignissimos dolores sunt nulla. Deserunt enim aut repellat in fuga. Enim enim quod quis. Labore est inventore qui quos aliquid.', '2815 Mayra Pike Suite 366\nBernitashire, MA 39456', 'inactive', 'company', '2022-08-17 21:23:08', '2022-08-17 21:23:08'),
(51, 'botsford.adell@yahoo.com', '$2y$10$q99au.3LMBXEVKS5Q0BNIunMA5dLiibxtsFJrojLBBlxwXtiL7j8.', 'Prof. Rocio Monahan', 'male', '2015-07-08', '847.367.8462', 'third-year student', 'https://via.placeholder.com/640x480.png/0066aa?text=avatar+reiciendis', 'Dolor non id saepe a nobis ipsa eligendi. Tempora quaerat et reiciendis. Sequi qui quo consequatur quia beatae quaerat doloremque. Illum sed dolorum est.', '7860 Gleason Isle\nEast Shanonbury, ID 06006-9125', 'inactive', 'company', '2022-08-17 21:23:08', '2022-08-17 21:23:08'),
(52, 'alba58@harber.com', '$2y$10$x3TR5CR4p91hL9ukulJE8OTaAQ5MhZzwJG26IzzVtEZlnN7zryudm', 'Liam Orn', 'female', '2006-05-13', '754-773-2972', 'third-year student', 'https://via.placeholder.com/640x480.png/00bbff?text=avatar+dolor', 'Corrupti qui unde expedita. Non et beatae odit facere repellendus voluptas cupiditate. Ea et ducimus expedita accusantium assumenda eveniet dolorem.', '775 Jovanny Alley Apt. 543\nPaxtonstad, NV 50726', 'active', 'admin', '2022-08-17 21:23:08', '2022-08-17 21:23:08'),
(55, 'ohara.tyson@yahoo.com', '$2y$10$IApcOMNDohO.0HSUN1i61O.wTJo/I3ILgI.SAoqw5b15tQWzsjotu', 'Evie Willms', 'female', '1998-04-17', '+1 (908) 505-1761', 'third-year student', 'https://via.placeholder.com/640x480.png/007788?text=avatar+itaque', 'Commodi ea est quae. Culpa dicta officiis temporibus earum aut dolore debitis. Non perferendis qui qui ipsam dolor vel tempore sit. Unde sunt ipsum eum et.', '6945 Marian Knoll\nWest Dannyburgh, PA 19043-3112', 'active', 'company', '2022-08-17 21:23:08', '2022-08-17 21:23:08'),
(56, 'hoquoctri10b7@gmail.com', '$2y$10$EVf.XPLU.viihW0FMS5n3e840feFE4bR1iVxyyyZd8JxMq7OOKJxu', 'Ho Quoc Tri', 'male', '1999-08-13', '0375207330', 'second-year student', 'https://scontent.fhan14-2.fna.fbcdn.net/v/t1.15752-9/299224395_568293291663322_8591792065598221347_n.jpg?_nc_cat=100&ccb=1-7&_nc_sid=ae9488&_nc_ohc=uNMHpyNJ8MMAX8lJ2mT&_nc_ht=scontent.fhan14-2.fna&oh=03_AVLHRGBKaUQqRJNnALUjtA9GrPyrtb3L9adkWdXpFkEjCA&oe=6323CCAF', 'million dollar boy', '101B-Le Huu Trac-Son Tra-DaNang City', 'active', 'student', '2022-08-17 22:00:20', '2022-08-17 22:00:20'),
(57, 'huy@gmail.com', '$2y$10$WpTqD84jUEGzxrVPfsrIgePZPcdI1fTmQXDww3CgtxhwG26n0hOAy', 'Huy', NULL, NULL, NULL, NULL, 'https://static.vecteezy.com/system/resources/thumbnails/004/511/281/small/default-avatar-photo-placeholder-profile-picture-vector.jpg', NULL, NULL, 'active', 'student', '2022-08-19 06:36:54', '2022-08-19 06:36:54'),
(58, 'linh@gmail.com', '$2y$10$l9SWLXhOFIwhZ6EBczS/b.nhOBU8v/dpPZ0Mne0O0g3PpLbWbh2ru', 'Linh', NULL, NULL, NULL, NULL, 'https://static.vecteezy.com/system/resources/thumbnails/004/511/281/small/default-avatar-photo-placeholder-profile-picture-vector.jpg', NULL, NULL, 'active', 'company', '2022-08-19 06:37:53', '2022-08-19 06:37:53'),
(59, 'nguyen.nguyen@gmail.com', '$2y$10$7uGtZ9o5kTuOgcPvW6T4..ZHrelH1YEvxKNRmydk9fgedUD40EfOe', 'Nguyen', NULL, NULL, NULL, NULL, NULL, NULL, NULL, 'active', 'company', '2022-08-19 20:55:37', '2022-08-19 20:55:37');

--
-- Chỉ mục cho các bảng đã đổ
--

--
-- Chỉ mục cho bảng `applicants`
--
ALTER TABLE `applicants`
  ADD PRIMARY KEY (`id`),
  ADD KEY `applicants_job_id_foreign` (`job_id`),
  ADD KEY `applicants_student_id_foreign` (`student_id`);

--
-- Chỉ mục cho bảng `jobdetails`
--
ALTER TABLE `jobdetails`
  ADD PRIMARY KEY (`id`),
  ADD KEY `jobdetails_job_id_foreign` (`job_id`);

--
-- Chỉ mục cho bảng `jobs`
--
ALTER TABLE `jobs`
  ADD PRIMARY KEY (`id`),
  ADD KEY `jobs_company_id_foreign` (`company_id`),
  ADD KEY `jobs_job_type_id_foreign` (`job_type_id`);

--
-- Chỉ mục cho bảng `jobtypes`
--
ALTER TABLE `jobtypes`
  ADD PRIMARY KEY (`id`);

--
-- Chỉ mục cho bảng `migrations`
--
ALTER TABLE `migrations`
  ADD PRIMARY KEY (`id`);

--
-- Chỉ mục cho bảng `personal_access_tokens`
--
ALTER TABLE `personal_access_tokens`
  ADD PRIMARY KEY (`id`),
  ADD UNIQUE KEY `personal_access_tokens_token_unique` (`token`),
  ADD KEY `personal_access_tokens_tokenable_type_tokenable_id_index` (`tokenable_type`,`tokenable_id`);

--
-- Chỉ mục cho bảng `users`
--
ALTER TABLE `users`
  ADD PRIMARY KEY (`id`);

--
-- AUTO_INCREMENT cho các bảng đã đổ
--

--
-- AUTO_INCREMENT cho bảng `applicants`
--
ALTER TABLE `applicants`
  MODIFY `id` int(10) UNSIGNED NOT NULL AUTO_INCREMENT, AUTO_INCREMENT=51;

--
-- AUTO_INCREMENT cho bảng `jobdetails`
--
ALTER TABLE `jobdetails`
  MODIFY `id` int(10) UNSIGNED NOT NULL AUTO_INCREMENT, AUTO_INCREMENT=53;

--
-- AUTO_INCREMENT cho bảng `jobs`
--
ALTER TABLE `jobs`
  MODIFY `id` int(10) UNSIGNED NOT NULL AUTO_INCREMENT, AUTO_INCREMENT=53;

--
-- AUTO_INCREMENT cho bảng `jobtypes`
--
ALTER TABLE `jobtypes`
  MODIFY `id` int(10) UNSIGNED NOT NULL AUTO_INCREMENT, AUTO_INCREMENT=4;

--
-- AUTO_INCREMENT cho bảng `migrations`
--
ALTER TABLE `migrations`
  MODIFY `id` int(10) UNSIGNED NOT NULL AUTO_INCREMENT, AUTO_INCREMENT=7;

--
-- AUTO_INCREMENT cho bảng `personal_access_tokens`
--
ALTER TABLE `personal_access_tokens`
  MODIFY `id` bigint(20) UNSIGNED NOT NULL AUTO_INCREMENT;

--
-- AUTO_INCREMENT cho bảng `users`
--
ALTER TABLE `users`
  MODIFY `id` int(10) UNSIGNED NOT NULL AUTO_INCREMENT, AUTO_INCREMENT=60;

--
-- Các ràng buộc cho các bảng đã đổ
--

--
-- Các ràng buộc cho bảng `applicants`
--
ALTER TABLE `applicants`
  ADD CONSTRAINT `applicants_job_id_foreign` FOREIGN KEY (`job_id`) REFERENCES `jobs` (`id`) ON DELETE CASCADE ON UPDATE CASCADE,
  ADD CONSTRAINT `applicants_student_id_foreign` FOREIGN KEY (`student_id`) REFERENCES `users` (`id`) ON DELETE CASCADE ON UPDATE CASCADE;

--
-- Các ràng buộc cho bảng `jobdetails`
--
ALTER TABLE `jobdetails`
  ADD CONSTRAINT `jobdetails_job_id_foreign` FOREIGN KEY (`job_id`) REFERENCES `jobs` (`id`) ON DELETE CASCADE ON UPDATE CASCADE;

--
-- Các ràng buộc cho bảng `jobs`
--
ALTER TABLE `jobs`
  ADD CONSTRAINT `jobs_company_id_foreign` FOREIGN KEY (`company_id`) REFERENCES `users` (`id`) ON DELETE CASCADE ON UPDATE CASCADE,
  ADD CONSTRAINT `jobs_job_type_id_foreign` FOREIGN KEY (`job_type_id`) REFERENCES `jobtypes` (`id`) ON DELETE CASCADE ON UPDATE CASCADE;
COMMIT;

/*!40101 SET CHARACTER_SET_CLIENT=@OLD_CHARACTER_SET_CLIENT */;
/*!40101 SET CHARACTER_SET_RESULTS=@OLD_CHARACTER_SET_RESULTS */;
/*!40101 SET COLLATION_CONNECTION=@OLD_COLLATION_CONNECTION */;
